Submission Date,Username,Level,Team,Total XP,Your XP Screenshot:,Collector Badge,Your Collector Badge Screenshot:,Jogger Badge,Your Jogger Badge Screenshot:,Breeder Badge,Your Breeder Badge Screenshot:,No Label,IP,Submission ID,Edit Link
2017-04-15 10:49:29,gigantictuna,38,Instinct,12858232,[Screenshot_20170415-114736.png] https://s3.amazonaws.com/jotformWidgets/imagePreview/71044378219255/05abe93Screenshot_20170415-114736.png,21697,[Screenshot_20170415-114817.png] https://s3.amazonaws.com/jotformWidgets/imagePreview/71044378219255/069f6dcScreenshot_20170415-114817.png,914.4,[Screenshot_20170415-114854.png] https://s3.amazonaws.com/jotformWidgets/imagePreview/71044378219255/0645638Screenshot_20170415-114854.png,546,[Screenshot_20170415-114912.png] https://s3.amazonaws.com/jotformWidgets/imagePreview/71044378219255/06b2159Screenshot_20170415-114912.png,,142.169.78.150,3680805690516321047,Edit Submission
2017-04-15 10:49:42,SodomEyes,33,Instinct,935486,[IMG_2172.PNG] https://s3.amazonaws.com/jotformWidgets/imagePreview/71044378219255/136a5d9IMG_2172.PNG,13834,[IMG_2175.PNG] https://s3.amazonaws.com/jotformWidgets/imagePreview/71044378219255/123bfcbIMG_2175.PNG,1432.7,[IMG_2173.PNG] https://s3.amazonaws.com/jotformWidgets/imagePreview/71044378219255/121b755IMG_2173.PNG,,,,184.151.246.214,3680805824127269995,Edit Submission
2017-04-15 10:51:41,Frankiehokage,33,Valor,114657,[Capture+_2017-04-15-11-48-20.png] https://s3.amazonaws.com/jotformWidgets/imagePreview/71044378219255/26ad091Capture%2B_2017-04-15-11-48-20.png,10320,[Capture+_2017-04-15-11-48-46.png] https://s3.amazonaws.com/jotformWidgets/imagePreview/71044378219255/34a1712Capture%2B_2017-04-15-11-48-46.png,1108.7,[Capture+_2017-04-15-11-48-32.png] https://s3.amazonaws.com/jotformWidgets/imagePreview/71044378219255/817cde7Capture%2B_2017-04-15-11-48-32.png,314,[Capture+_2017-04-15-11-49-19.png] https://s3.amazonaws.com/jotformWidgets/imagePreview/71044378219255/770c333Capture%2B_2017-04-15-11-49-19.png,,142.169.78.137,3680807017318819807,Edit Submission
2017-04-15 10:54:28,longjonsplinter,33,Instinct,493666,[IMG_1365.PNG] https://s3.amazonaws.com/jotformWidgets/imagePreview/71044378219255/30b491cIMG_1365.PNG,12021,[IMG_1364.PNG] https://s3.amazonaws.com/jotformWidgets/imagePreview/71044378219255/31c66c0IMG_1364.PNG,1523.1,[IMG_1363.PNG] https://s3.amazonaws.com/jotformWidgets/imagePreview/71044378219255/30748b3IMG_1363.PNG,548,[IMG_1366.PNG] https://s3.amazonaws.com/jotformWidgets/imagePreview/71044378219255/3212459IMG_1366.PNG,,184.151.246.138,3680808688317364091,Edit Submission
2017-04-15 10:55:56,likejagger5,33,Valor,125059,[Capture+_2017-04-15-11-52-53.png] https://s3.amazonaws.com/jotformWidgets/imagePreview/71044378219255/551e0eaCapture%2B_2017-04-15-11-52-53.png,9950,[Capture+_2017-04-15-11-53-10.png] https://s3.amazonaws.com/jotformWidgets/imagePreview/71044378219255/844f1c7Capture%2B_2017-04-15-11-53-10.png,1134.3,[Capture+_2017-04-15-11-52-26.png] https://s3.amazonaws.com/jotformWidgets/imagePreview/71044378219255/7f50ac7Capture%2B_2017-04-15-11-52-26.png,335,[Capture+_2017-04-15-11-53-24.png] https://s3.amazonaws.com/jotformWidgets/imagePreview/71044378219255/7357d1cCapture%2B_2017-04-15-11-53-24.png,,184.151.246.157,3680809567519388779,Edit Submission
2017-04-15 10:56:13,JeDyTy,28,Valor,82261,[IMG_4052.PNG] https://s3.amazonaws.com/jotformWidgets/imagePreview/71044378219255/9c62441IMG_4052.PNG,3856,[IMG_4054.PNG] https://s3.amazonaws.com/jotformWidgets/imagePreview/71044378219255/9c1dee4IMG_4054.PNG,566.3,[IMG_4055.PNG] https://s3.amazonaws.com/jotformWidgets/imagePreview/71044378219255/9bf3e3dIMG_4055.PNG,153,[IMG_4056.PNG] https://s3.amazonaws.com/jotformWidgets/imagePreview/71044378219255/9c02621IMG_4056.PNG,,142.169.78.250,3680809730529120791,Edit Submission
2017-04-15 10:56:31,Oinky Boinky,35,Mystic,6062017,[Screenshot_20170415-114525.png] https://s3.amazonaws.com/jotformWidgets/imagePreview/71044378219255/d4eacd6Screenshot_20170415-114525.png,18793,[Screenshot_20170415-114623.png] https://s3.amazonaws.com/jotformWidgets/imagePreview/71044378219255/d4c80dfScreenshot_20170415-114623.png,1632.7,[Screenshot_20170415-114545.png] https://s3.amazonaws.com/jotformWidgets/imagePreview/71044378219255/d4c469cScreenshot_20170415-114545.png,500,[Screenshot_20170415-114854.png] https://s3.amazonaws.com/jotformWidgets/imagePreview/71044378219255/d4d3b95Screenshot_20170415-114854.png,,24.114.108.247,3680809917426108805,Edit Submission
2017-04-15 10:56:40,Superhound,29,Instinct,98537,[IMG_3006.PNG] https://s3.amazonaws.com/jotformWidgets/imagePreview/71044378219255/2e959c0IMG_3006.PNG,4775,[IMG_3007.PNG] https://s3.amazonaws.com/jotformWidgets/imagePreview/71044378219255/67655acIMG_3007.PNG,708.7,[IMG_3008.PNG] https://s3.amazonaws.com/jotformWidgets/imagePreview/71044378219255/9311971IMG_3008.PNG,220,[IMG_3008.PNG] https://s3.amazonaws.com/jotformWidgets/imagePreview/71044378219255/b361b13IMG_3008.PNG,,142.169.78.239,3680810009323291814,Edit Submission
2017-04-15 10:57:10,PhoenixAstra,36,Mystic,8250866,[IMG_5125.PNG] https://s3.amazonaws.com/jotformWidgets/imagePreview/71044378219255/d5b2d60IMG_5125.PNG,24677,[IMG_5126.PNG] https://s3.amazonaws.com/jotformWidgets/imagePreview/71044378219255/d56c279IMG_5126.PNG,1162.7,[IMG_5128.PNG] https://s3.amazonaws.com/jotformWidgets/imagePreview/71044378219255/d565449IMG_5128.PNG,346,[IMG_5129.PNG] https://s3.amazonaws.com/jotformWidgets/imagePreview/71044378219255/d55b819IMG_5129.PNG,,24.114.99.7,3680810307994564208,Edit Submission
2017-04-15 10:57:14,Apohcalypse,37,Mystic,11092687,[Screenshot_20170415-115449.png] https://s3.amazonaws.com/jotformWidgets/imagePreview/71044378219255/91aa0d0Screenshot_20170415-115449.png,26411,[Screenshot_20170415-115441.png] https://s3.amazonaws.com/jotformWidgets/imagePreview/71044378219255/d99ce3dScreenshot_20170415-115441.png,1687,[Screenshot_20170415-115407.png] https://s3.amazonaws.com/jotformWidgets/imagePreview/71044378219255/d974cccScreenshot_20170415-115407.png,,,,142.169.193.83,3680810343834832215,Edit Submission
2017-04-15 10:57:45,Ninjatsu97,33,Mystic,4380277,[Screenshot_20170415-115313.png] https://s3.amazonaws.com/jotformWidgets/imagePreview/71044378219255/c577fa3Screenshot_20170415-115313.png,10966,[Screenshot_20170415-115325.png] https://s3.amazonaws.com/jotformWidgets/imagePreview/71044378219255/c4aeba8Screenshot_20170415-115325.png,376.6,[Screenshot_20170415-115338.png] https://s3.amazonaws.com/jotformWidgets/imagePreview/71044378219255/c4c8bf3Screenshot_20170415-115338.png,179,[Screenshot_20170415-115430.png] https://s3.amazonaws.com/jotformWidgets/imagePreview/71044378219255/c56a89cScreenshot_20170415-115430.png,,142.169.78.201,3680810651024965840,Edit Submission
2017-04-15 10:57:53,GRAF3NB3RG,40,Instinct,20399524,[IMG_3286.PNG] https://s3.amazonaws.com/jotformWidgets/imagePreview/71044378219255/af01ec6IMG_3286.PNG,40279,,2561.1,,1098,,,184.151.246.254,3680810734528242175,Edit Submission
2017-04-15 10:57:54,Rippopottamus,33,Instinct,690058,[IMG_0778.PNG] https://s3.amazonaws.com/jotformWidgets/imagePreview/71044378219255/01e151dIMG_0778.PNG,11253,[IMG_0779.PNG] https://s3.amazonaws.com/jotformWidgets/imagePreview/71044378219255/0139406IMG_0779.PNG,695.5,[IMG_0780.PNG] https://s3.amazonaws.com/jotformWidgets/imagePreview/71044378219255/01218b0IMG_0780.PNG,278,[IMG_0781.PNG] https://s3.amazonaws.com/jotformWidgets/imagePreview/71044378219255/0122afdIMG_0781.PNG,,209.171.88.109,3680810749011485203,Edit Submission
2017-04-15 10:58:07,Pinkiiee,36,Mystic,9473397,[Screenshot_20170415-115527.png] https://s3.amazonaws.com/jotformWidgets/imagePreview/71044378219255/0e22d9fScreenshot_20170415-115527.png,19419,[Screenshot_20170415-115431.png] https://s3.amazonaws.com/jotformWidgets/imagePreview/71044378219255/0e43b6eScreenshot_20170415-115431.png,997.4,[Screenshot_20170415-115448.png] https://s3.amazonaws.com/jotformWidgets/imagePreview/71044378219255/0d0ca27Screenshot_20170415-115448.png,337,[Screenshot_20170415-115440.png] https://s3.amazonaws.com/jotformWidgets/imagePreview/71044378219255/0d36bd3Screenshot_20170415-115440.png,,142.169.78.234,3680810874321475183,Edit Submission
2017-04-15 10:58:15,Jaytaa,27,Mystic,1235199,[Screenshot_20170415-115535.png] https://s3.amazonaws.com/jotformWidgets/imagePreview/71044378219255/136194fScreenshot_20170415-115535.png,2531,[Screenshot_20170415-115346.png] https://s3.amazonaws.com/jotformWidgets/imagePreview/71044378219255/166d591Screenshot_20170415-115346.png,168.5,[Screenshot_20170415-115358.png] https://s3.amazonaws.com/jotformWidgets/imagePreview/71044378219255/143efe8Screenshot_20170415-115358.png,61,[Screenshot_20170415-115409.png] https://s3.amazonaws.com/jotformWidgets/imagePreview/71044378219255/13d9002Screenshot_20170415-115409.png,,199.7.157.125,3680810955218989254,Edit Submission
2017-04-15 10:58:26,Hashable,31,Instinct,137360,[Screenshot_20170415-115335.png] https://s3.amazonaws.com/jotformWidgets/imagePreview/71044378219255/20b3d04Screenshot_20170415-115335.png,6791,[Screenshot_20170415-115404.png] https://s3.amazonaws.com/jotformWidgets/imagePreview/71044378219255/1fec063Screenshot_20170415-115404.png,633.5,[Screenshot_20170415-115418.png] https://s3.amazonaws.com/jotformWidgets/imagePreview/71044378219255/1a4f672Screenshot_20170415-115418.png,296,[Screenshot_20170415-115426.png] https://s3.amazonaws.com/jotformWidgets/imagePreview/71044378219255/1c0895bScreenshot_20170415-115426.png,,199.119.233.196,3680811066919695386,Edit Submission
2017-04-15 10:59:33,pathos41,39,Mystic,15659299,[IMG_7466.PNG] https://s3.amazonaws.com/jotformWidgets/imagePreview/71044378219255/63e5b9dIMG_7466.PNG,37857,[IMG_7467.PNG] https://s3.amazonaws.com/jotformWidgets/imagePreview/71044378219255/639ff8bIMG_7467.PNG,1816.6,[IMG_7468.PNG] https://s3.amazonaws.com/jotformWidgets/imagePreview/71044378219255/6442799IMG_7468.PNG,698,[IMG_7469.PNG] https://s3.amazonaws.com/jotformWidgets/imagePreview/71044378219255/6398873IMG_7469.PNG,,24.114.81.98,3680811738913586699,Edit Submission
2017-04-15 10:59:35,Shouganai,33,Mystic,383785,[Screenshot_20170415-114529.png] https://s3.amazonaws.com/jotformWidgets/imagePreview/71044378219255/9f8f248Screenshot_20170415-114529.png,10174,[Screenshot_20170415-114604.png] https://s3.amazonaws.com/jotformWidgets/imagePreview/71044378219255/226db5dScreenshot_20170415-114604.png,1091.5,[Screenshot_20170415-114539.png] https://s3.amazonaws.com/jotformWidgets/imagePreview/71044378219255/403a443Screenshot_20170415-114539.png,487,[Screenshot_20170415-115729.png] https://s3.amazonaws.com/jotformWidgets/imagePreview/71044378219255/09a61c5Screenshot_20170415-115729.png,,24.114.92.169,3680811759618530577,Edit Submission
2017-04-15 11:00:07,Infinitrize,36,Instinct,9201958,[Screenshot_20170415-115723.png] https://s3.amazonaws.com/jotformWidgets/imagePreview/71044378219255/0208fdcScreenshot_20170415-115723.png,20153,[Screenshot_20170415-115807.png] https://s3.amazonaws.com/jotformWidgets/imagePreview/71044378219255/193a928Screenshot_20170415-115807.png,1638.5,[Screenshot_20170415-115826.png] https://s3.amazonaws.com/jotformWidgets/imagePreview/71044378219255/2cdb8ddScreenshot_20170415-115826.png,,,,24.114.85.204,3680812074026359915,Edit Submission
2017-04-15 11:03:54,Soonet,30,Mystic,402778,[IMG_9980.PNG] https://s3.amazonaws.com/jotformWidgets/imagePreview/71044378219255/96e95faIMG_9980.PNG,5575,[IMG_9981.PNG] https://s3.amazonaws.com/jotformWidgets/imagePreview/71044378219255/cee51ccIMG_9981.PNG,821.4,[IMG_9982.PNG] https://s3.amazonaws.com/jotformWidgets/imagePreview/71044378219255/0da8691IMG_9982.PNG,537,[IMG_9983.PNG] https://s3.amazonaws.com/jotformWidgets/imagePreview/71044378219255/3dca026IMG_9983.PNG,,24.114.93.161,3680814331615562175,Edit Submission
2017-04-15 11:03:58,Jenechoottawa,27,Mystic,246433,[IMG_9640.PNG] https://s3.amazonaws.com/jotformWidgets/imagePreview/71044378219255/6db05ddIMG_9640.PNG,3266,[IMG_9641.PNG] https://s3.amazonaws.com/jotformWidgets/imagePreview/71044378219255/6dab189IMG_9641.PNG,842,[IMG_9644.PNG] https://s3.amazonaws.com/jotformWidgets/imagePreview/71044378219255/48936ebIMG_9644.PNG,244,[IMG_9643.PNG] https://s3.amazonaws.com/jotformWidgets/imagePreview/71044378219255/6d480f1IMG_9643.PNG,,142.169.78.248,3680814388426145399,Edit Submission
2017-04-15 11:04:08,Misvrjsbdhd,23,Valor,26665,[Screenshot_20170415-120105.png] https://s3.amazonaws.com/jotformWidgets/imagePreview/71044378219255/e9a26cdScreenshot_20170415-120105.png,1468,[Screenshot_20170415-120205.png] https://s3.amazonaws.com/jotformWidgets/imagePreview/71044378219255/0ccdf80Screenshot_20170415-120205.png,203.4,[Screenshot_20170415-120246.png] https://s3.amazonaws.com/jotformWidgets/imagePreview/71044378219255/36e65acScreenshot_20170415-120246.png,69,[Screenshot_20170415-120338.png] https://s3.amazonaws.com/jotformWidgets/imagePreview/71044378219255/7637e08Screenshot_20170415-120338.png,,199.119.233.185,3680814485818851959,Edit Submission
2017-04-15 11:07:11,KennDemon,26,Instinct,79495,[IMG_0390.PNG] https://s3.amazonaws.com/jotformWidgets/imagePreview/71044378219255/2d87843IMG_0390.PNG,2538,[IMG_0391.PNG] https://s3.amazonaws.com/jotformWidgets/imagePreview/71044378219255/2bce627IMG_0391.PNG,343.6,[IMG_0393.PNG] https://s3.amazonaws.com/jotformWidgets/imagePreview/71044378219255/28ce3c1IMG_0393.PNG,194,[IMG_0394.PNG] https://s3.amazonaws.com/jotformWidgets/imagePreview/71044378219255/28c915eIMG_0394.PNG,,142.169.78.150,3680816300514467243,Edit Submission
2017-04-15 11:07:14,WingZero,39,Mystic,17761731,[IMG_2775.PNG] https://s3.amazonaws.com/jotformWidgets/imagePreview/71044378219255/7b31bb4IMG_2775.PNG,39563,[IMG_2776.PNG] https://s3.amazonaws.com/jotformWidgets/imagePreview/71044378219255/fb63930IMG_2776.PNG,1932.1,[IMG_2777.PNG] https://s3.amazonaws.com/jotformWidgets/imagePreview/71044378219255/c2d07d7IMG_2777.PNG,652,[IMG_2778.PNG] https://s3.amazonaws.com/jotformWidgets/imagePreview/71044378219255/e8c8dddIMG_2778.PNG,,24.114.88.25,3680816345287592479,Edit Submission
2017-04-15 11:08:44,HollowHeartt,29,Instinct,33571,[Screenshot_20170415-120351.png] https://s3.amazonaws.com/jotformWidgets/imagePreview/71044378219255/8b3ec61Screenshot_20170415-120351.png,4394,[Screenshot_20170415-120359.png] https://s3.amazonaws.com/jotformWidgets/imagePreview/71044378219255/8b25dc2Screenshot_20170415-120359.png,625.2,[Screenshot_20170415-120406.png] https://s3.amazonaws.com/jotformWidgets/imagePreview/71044378219255/8b20d69Screenshot_20170415-120406.png,507,[Screenshot_20170415-120413.png] https://s3.amazonaws.com/jotformWidgets/imagePreview/71044378219255/8b0c02fScreenshot_20170415-120413.png,,142.169.193.112,3680817242113017533,Edit Submission
2017-04-15 11:13:06,datasprite12,24,Mystic,110541,[Screenshot_2017-04-15-12-09-36.png] https://s3.amazonaws.com/jotformWidgets/imagePreview/71044378219255/ef79b92Screenshot_2017-04-15-12-09-36.png,1534,[Screenshot_2017-04-15-12-09-49.png] https://s3.amazonaws.com/jotformWidgets/imagePreview/71044378219255/20bc87fScreenshot_2017-04-15-12-09-49.png,231.9,[Screenshot_2017-04-15-12-11-42.png] https://s3.amazonaws.com/jotformWidgets/imagePreview/71044378219255/5265ad7Screenshot_2017-04-15-12-11-42.png,75,[Screenshot_2017-04-15-12-12-23.png] https://s3.amazonaws.com/jotformWidgets/imagePreview/71044378219255/8c84a14Screenshot_2017-04-15-12-12-23.png,,24.114.93.74,3680819864736819673,Edit Submission
2017-04-15 11:14:46,dtjean,21,Instinct,16620,[IMG_3603.PNG] https://s3.amazonaws.com/jotformWidgets/imagePreview/71044378219255/f4b9bb5IMG_3603.PNG,566,[IMG_3604.PNG] https://s3.amazonaws.com/jotformWidgets/imagePreview/71044378219255/f4828e4IMG_3604.PNG,26.1,[IMG_3605.PNG] https://s3.amazonaws.com/jotformWidgets/imagePreview/71044378219255/f42a479IMG_3605.PNG,22,[IMG_3606.PNG] https://s3.amazonaws.com/jotformWidgets/imagePreview/71044378219255/f474d97IMG_3606.PNG,,142.169.78.8,3680820868879523874,Edit Submission
2017-04-15 11:15:36,KJz92,32,Valor,117104,[Screenshot_20170415-121405.jpg] https://s3.amazonaws.com/jotformWidgets/imagePreview/71044378219255/2603b2dScreenshot_20170415-121405.jpg,7985,[Screenshot_20170415-121441.jpg] https://s3.amazonaws.com/jotformWidgets/imagePreview/71044378219255/257db8fScreenshot_20170415-121441.jpg,548.9,[Screenshot_20170415-121502.jpg] https://s3.amazonaws.com/jotformWidgets/imagePreview/71044378219255/251ab7fScreenshot_20170415-121502.jpg,170,[Screenshot_20170415-121523.jpg] https://s3.amazonaws.com/jotformWidgets/imagePreview/71044378219255/252fff3Screenshot_20170415-121523.jpg,,24.114.99.15,3680821365196727803,Edit Submission
2017-04-15 11:15:53,Leileipad,34,Mystic,95350,[IMG_6452.PNG] https://s3.amazonaws.com/jotformWidgets/imagePreview/71044378219255/37c547dIMG_6452.PNG,13130,[IMG_6454.PNG] https://s3.amazonaws.com/jotformWidgets/imagePreview/71044378219255/377a6ceIMG_6454.PNG,,,,,,204.48.95.199,3680821529918163288,Edit Submission
2017-04-15 11:28:25,Krys82105d,28,Mystic,224558,[Screenshot_2017-04-15-12-07-07.png] https://s3.amazonaws.com/jotformWidgets/imagePreview/71044378219255/2814298Screenshot_2017-04-15-12-07-07.png,3413,[Screenshot_2017-04-15-12-25-01.png] https://s3.amazonaws.com/jotformWidgets/imagePreview/71044378219255/27ea4b7Screenshot_2017-04-15-12-25-01.png,589.1,[Screenshot_2017-04-15-12-25-15.png] https://s3.amazonaws.com/jotformWidgets/imagePreview/71044378219255/27d0868Screenshot_2017-04-15-12-25-15.png,676,[Screenshot_2017-04-15-12-25-31.png] https://s3.amazonaws.com/jotformWidgets/imagePreview/71044378219255/27ddbecScreenshot_2017-04-15-12-25-31.png,,184.151.246.117,3680829057112268051,Edit Submission
2017-04-15 11:30:57,Avalai,30,Instinct,206285,,6574,,572.1,,149,,,184.151.246.85,3680830575866313820,Edit Submission
2017-04-15 11:31:20,JessAlice1988,34,Instinct,444479,,10551,,,,,,,184.151.246.147,3680830807417278884,Edit Submission
2017-04-15 12:45:06,SodomEyes,34,Instinct,69416,[IMG_2178.PNG] https://s3.amazonaws.com/jotformWidgets/imagePreview/71044378219255/2119f35IMG_2178.PNG,13951,[IMG_2176.PNG] https://s3.amazonaws.com/jotformWidgets/imagePreview/71044378219255/20e82d1IMG_2176.PNG,1436.6,[IMG_2177.PNG] https://s3.amazonaws.com/jotformWidgets/imagePreview/71044378219255/20e8991IMG_2177.PNG,,,,184.151.246.214,3680875064121597654,Edit Submission
2017-04-15 12:50:00,gigantictuna,38,Instinct,13096372,[Screenshot_20170415-134826.png] https://s3.amazonaws.com/jotformWidgets/imagePreview/71044378219255/453e181Screenshot_20170415-134826.png,21895,[Screenshot_20170415-134908.png] https://s3.amazonaws.com/jotformWidgets/imagePreview/71044378219255/47aa0b9Screenshot_20170415-134908.png,921.2,[Screenshot_20170415-134925.png] https://s3.amazonaws.com/jotformWidgets/imagePreview/71044378219255/452e510Screenshot_20170415-134925.png,554,[Screenshot_20170415-134945.png] https://s3.amazonaws.com/jotformWidgets/imagePreview/71044378219255/455a3bfScreenshot_20170415-134945.png,,142.169.78.150,3680878000512941400,Edit Submission
2017-04-15 12:57:52,Apohcalypse,37,Mystic,11471027,[Screenshot_20170415-135525.png] https://s3.amazonaws.com/jotformWidgets/imagePreview/71044378219255/e1a5f12Screenshot_20170415-135525.png,26542,[Screenshot_20170415-135508.png] https://s3.amazonaws.com/jotformWidgets/imagePreview/71044378219255/1eea47bScreenshot_20170415-135508.png,1693,[Screenshot_20170415-135445.png] https://s3.amazonaws.com/jotformWidgets/imagePreview/71044378219255/1ee23cdScreenshot_20170415-135445.png,498,[Screenshot_20170415-135458.png] https://s3.amazonaws.com/jotformWidgets/imagePreview/71044378219255/1eb64c0Screenshot_20170415-135458.png,,142.169.193.161,3680882721618244481,Edit Submission
2017-04-15 12:57:59,PhoenixAstra,36,Mystic,8580736,[IMG_5131.PNG] https://s3.amazonaws.com/jotformWidgets/imagePreview/71044378219255/26731ddIMG_5131.PNG,24850,[IMG_5132.PNG] https://s3.amazonaws.com/jotformWidgets/imagePreview/71044378219255/263485fIMG_5132.PNG,1170.3,[IMG_5133.PNG] https://s3.amazonaws.com/jotformWidgets/imagePreview/71044378219255/262c966IMG_5133.PNG,352,[IMG_5134.PNG] https://s3.amazonaws.com/jotformWidgets/imagePreview/71044378219255/2615af3IMG_5134.PNG,,24.114.99.7,3680882797992836749,Edit Submission
2017-04-15 12:58:44,Hashable,31,Instinct,317530,,6943,,641,,311,,,199.119.233.196,3680883246917687555,Edit Submission
2017-04-15 12:59:09,Jaytaa,28,Mystic,1360239,[Screenshot_20170415-135633.png] https://s3.amazonaws.com/jotformWidgets/imagePreview/71044378219255/6ab80d8Screenshot_20170415-135633.png,2693,[Screenshot_20170415-135610.png] https://s3.amazonaws.com/jotformWidgets/imagePreview/71044378219255/6bbcb10Screenshot_20170415-135610.png,175.9,[Screenshot_20170415-135621.png] https://s3.amazonaws.com/jotformWidgets/imagePreview/71044378219255/66008ecScreenshot_20170415-135621.png,66,[Screenshot_20170415-135628.png] https://s3.amazonaws.com/jotformWidgets/imagePreview/71044378219255/6aa4b40Screenshot_20170415-135628.png,,199.7.157.125,3680883495214728334,Edit Submission
2017-04-15 12:59:10,Pinkiiee,37,Mystic,9630497,[Screenshot_20170415-135609.png] https://s3.amazonaws.com/jotformWidgets/imagePreview/71044378219255/6defb51Screenshot_20170415-135609.png,19586,[Screenshot_20170415-135641.png] https://s3.amazonaws.com/jotformWidgets/imagePreview/71044378219255/6cc31deScreenshot_20170415-135641.png,1007,[Screenshot_20170415-135632.png] https://s3.amazonaws.com/jotformWidgets/imagePreview/71044378219255/6d63b2eScreenshot_20170415-135632.png,342,[Screenshot_20170415-135617.png] https://s3.amazonaws.com/jotformWidgets/imagePreview/71044378219255/6ceca1dScreenshot_20170415-135617.png,,142.169.78.234,3680883504323460967,Edit Submission
2017-04-15 12:59:36,Infinitrize,37,Instinct,9944258,[Screenshot_20170415-135828.png] https://s3.amazonaws.com/jotformWidgets/imagePreview/71044378219255/5b78136Screenshot_20170415-135828.png,20153,[Screenshot_20170415-135908.png] https://s3.amazonaws.com/jotformWidgets/imagePreview/71044378219255/75a872cScreenshot_20170415-135908.png,1638.5,[Screenshot_20170415-135921.png] https://s3.amazonaws.com/jotformWidgets/imagePreview/71044378219255/8284ef3Screenshot_20170415-135921.png,,,,24.114.85.204,3680883764022885937,Edit Submission
2017-04-15 12:59:53,Rippopottamus,33,Instinct,801228,[IMG_0783.PNG] https://s3.amazonaws.com/jotformWidgets/imagePreview/71044378219255/98181c9IMG_0783.PNG,11380,[IMG_0784.PNG] https://s3.amazonaws.com/jotformWidgets/imagePreview/71044378219255/97a7e19IMG_0784.PNG,699.5,[IMG_0786.PNG] https://s3.amazonaws.com/jotformWidgets/imagePreview/71044378219255/9785ebaIMG_0786.PNG,281,[IMG_0785.PNG] https://s3.amazonaws.com/jotformWidgets/imagePreview/71044378219255/978826fIMG_0785.PNG,,209.171.88.109,3680883939015562204,Edit Submission
2017-04-15 13:00:05,Misvrjsbdhd,23,Valor,78965,[Screenshot_20170415-135738.png] https://s3.amazonaws.com/jotformWidgets/imagePreview/71044378219255/34d61c0Screenshot_20170415-135738.png,1525,[Screenshot_20170415-135832.png] https://s3.amazonaws.com/jotformWidgets/imagePreview/71044378219255/5caba17Screenshot_20170415-135832.png,205.4,[Screenshot_20170415-135907.png] https://s3.amazonaws.com/jotformWidgets/imagePreview/71044378219255/7f2cdeeScreenshot_20170415-135907.png,70,[Screenshot_20170415-135937.png] https://s3.amazonaws.com/jotformWidgets/imagePreview/71044378219255/9a2076aScreenshot_20170415-135937.png,,199.119.233.185,3680884055818404266,Edit Submission
2017-04-15 13:00:11,Ninjatsu97,34,Mystic,4751587,[Screenshot_20170415-135657.png] https://s3.amazonaws.com/jotformWidgets/imagePreview/71044378219255/aa230baScreenshot_20170415-135657.png,11154,[Screenshot_20170415-135630.png] https://s3.amazonaws.com/jotformWidgets/imagePreview/71044378219255/aa1e4a4Screenshot_20170415-135630.png,386,[Screenshot_20170415-135637.png] https://s3.amazonaws.com/jotformWidgets/imagePreview/71044378219255/a9a3b65Screenshot_20170415-135637.png,184,[Screenshot_20170415-135644.png] https://s3.amazonaws.com/jotformWidgets/imagePreview/71044378219255/aa082cfScreenshot_20170415-135644.png,,142.169.78.201,3680884111026161174,Edit Submission
2017-04-15 13:01:23,WingZero,39,Mystic,17959811,[IMG_2779.PNG] https://s3.amazonaws.com/jotformWidgets/imagePreview/71044378219255/9a76c0dIMG_2779.PNG,39800,[IMG_2780.PNG] https://s3.amazonaws.com/jotformWidgets/imagePreview/71044378219255/bc47429IMG_2780.PNG,1939.9,[IMG_2781.PNG] https://s3.amazonaws.com/jotformWidgets/imagePreview/71044378219255/d304630IMG_2781.PNG,667,[IMG_2782.PNG] https://s3.amazonaws.com/jotformWidgets/imagePreview/71044378219255/e835495IMG_2782.PNG,,24.114.88.25,3680884825283223292,Edit Submission
2017-04-15 13:02:28,pathos41,39,Mystic,16389349,[IMG_7470.PNG] https://s3.amazonaws.com/jotformWidgets/imagePreview/71044378219255/3331f29IMG_7470.PNG,38014,[IMG_7471.PNG] https://s3.amazonaws.com/jotformWidgets/imagePreview/71044378219255/32de0d5IMG_7471.PNG,1824,[IMG_7472.PNG] https://s3.amazonaws.com/jotformWidgets/imagePreview/71044378219255/32d6c38IMG_7472.PNG,702,[IMG_7473.PNG] https://s3.amazonaws.com/jotformWidgets/imagePreview/71044378219255/32d18bfIMG_7473.PNG,,24.114.81.98,3680885488913696916,Edit Submission
2017-04-15 13:03:24,HollowHeartt,29,Instinct,131581,[Screenshot_20170415-135950.png] https://s3.amazonaws.com/jotformWidgets/imagePreview/71044378219255/6b6b46bScreenshot_20170415-135950.png,4494,[Screenshot_20170415-135957.png] https://s3.amazonaws.com/jotformWidgets/imagePreview/71044378219255/6aad0faScreenshot_20170415-135957.png,627.5,[Screenshot_20170415-140010.png] https://s3.amazonaws.com/jotformWidgets/imagePreview/71044378219255/6a14318Screenshot_20170415-140010.png,511,[Screenshot_20170415-140016.png] https://s3.amazonaws.com/jotformWidgets/imagePreview/71044378219255/6a9f205Screenshot_20170415-140016.png,,142.169.193.112,3680886042114363552,Edit Submission
2017-04-15 13:03:33,Leileipad,34,Mystic,116100,[IMG_6469.PNG] https://s3.amazonaws.com/jotformWidgets/imagePreview/71044378219255/729e447IMG_6469.PNG,13183,[IMG_6470.PNG] https://s3.amazonaws.com/jotformWidgets/imagePreview/71044378219255/7250ebfIMG_6470.PNG,,,,,,204.48.76.45,3680886135465337813,Edit Submission
2017-04-15 13:04:01,longjonsplinter,33,Instinct,600686,[IMG_1367.PNG] https://s3.amazonaws.com/jotformWidgets/imagePreview/71044378219255/90b68eaIMG_1367.PNG,12141,[IMG_1369.PNG] https://s3.amazonaws.com/jotformWidgets/imagePreview/71044378219255/906ce28IMG_1369.PNG,1528.6,[IMG_1368.PNG] https://s3.amazonaws.com/jotformWidgets/imagePreview/71044378219255/8fe6f86IMG_1368.PNG,551,[IMG_1370.PNG] https://s3.amazonaws.com/jotformWidgets/imagePreview/71044378219255/902906fIMG_1370.PNG,,184.151.246.138,3680886418312011225,Edit Submission
2017-04-15 13:04:09,Soonet,30,Mystic,455188,[IMG_9985.PNG] https://s3.amazonaws.com/jotformWidgets/imagePreview/71044378219255/24e6a3fIMG_9985.PNG,5707,[IMG_9986.PNG] https://s3.amazonaws.com/jotformWidgets/imagePreview/71044378219255/32c62a8IMG_9986.PNG,826.5,[IMG_9987.PNG] https://s3.amazonaws.com/jotformWidgets/imagePreview/71044378219255/57be4d1IMG_9987.PNG,552,[IMG_9989.PNG] https://s3.amazonaws.com/jotformWidgets/imagePreview/71044378219255/7c72b9cIMG_9989.PNG,,24.114.93.161,3680886491616566442,Edit Submission
2017-04-15 13:04:20,KennDemon,27,Instinct,178915,[IMG_0399.PNG] https://s3.amazonaws.com/jotformWidgets/imagePreview/71044378219255/a2eebd9IMG_0399.PNG,2624,[IMG_0400.PNG] https://s3.amazonaws.com/jotformWidgets/imagePreview/71044378219255/a152ff0IMG_0400.PNG,346.5,[IMG_0402.PNG] https://s3.amazonaws.com/jotformWidgets/imagePreview/71044378219255/a13f3c4IMG_0402.PNG,197,[IMG_0403.PNG] https://s3.amazonaws.com/jotformWidgets/imagePreview/71044378219255/a143c8cIMG_0403.PNG,,142.169.78.150,3680886600517244624,Edit Submission
2017-04-15 13:05:03,likejagger5,33,Valor,179659,[Capture+_2017-04-15-14-02-05.png] https://s3.amazonaws.com/jotformWidgets/imagePreview/71044378219255/72f18c3Capture%2B_2017-04-15-14-02-05.png,10097,[Capture+_2017-04-15-14-02-25.png] https://s3.amazonaws.com/jotformWidgets/imagePreview/71044378219255/8a608acCapture%2B_2017-04-15-14-02-25.png,1137.9,[Capture+_2017-04-15-14-02-16.png] https://s3.amazonaws.com/jotformWidgets/imagePreview/71044378219255/a419bf2Capture%2B_2017-04-15-14-02-16.png,341,[Capture+_2017-04-15-14-02-38.png] https://s3.amazonaws.com/jotformWidgets/imagePreview/71044378219255/bf7ec1eCapture%2B_2017-04-15-14-02-38.png,,184.151.246.157,3680887037515831953,Edit Submission
2017-04-15 13:05:40,Graf3nb3rg,40,Instinct,21236424,[IMG_3289.PNG] https://s3.amazonaws.com/jotformWidgets/imagePreview/71044378219255/c25ff72IMG_3289.PNG,40363,,2566.6,,1108,,,184.151.246.254,3680887394523805253,Edit Submission
2017-04-15 13:06:46,Shouganai,33,Mystic,714925,[Screenshot_20170415-140101.png] https://s3.amazonaws.com/jotformWidgets/imagePreview/71044378219255/eedba5bScreenshot_20170415-140101.png,10311,[Screenshot_20170415-140107.png] https://s3.amazonaws.com/jotformWidgets/imagePreview/71044378219255/0429dbdScreenshot_20170415-140107.png,1096.9,[Screenshot_20170415-140127.png] https://s3.amazonaws.com/jotformWidgets/imagePreview/71044378219255/1c91cb7Screenshot_20170415-140127.png,500,[Screenshot_20170415-140120.png] https://s3.amazonaws.com/jotformWidgets/imagePreview/71044378219255/330a238Screenshot_20170415-140120.png,,24.114.92.169,3680888069614054955,Edit Submission
2017-04-15 13:08:27,Frankiehokage,33,Valor,177077,[Capture+_2017-04-15-14-05-32.png] https://s3.amazonaws.com/jotformWidgets/imagePreview/71044378219255/547f744Capture%2B_2017-04-15-14-05-32.png,10476,[Capture+_2017-04-15-14-05-55.png] https://s3.amazonaws.com/jotformWidgets/imagePreview/71044378219255/67eb8e1Capture%2B_2017-04-15-14-05-55.png,1112.3,[Capture+_2017-04-15-14-05-45.png] https://s3.amazonaws.com/jotformWidgets/imagePreview/71044378219255/8426561Capture%2B_2017-04-15-14-05-45.png,320,[Capture+_2017-04-15-14-06-10.png] https://s3.amazonaws.com/jotformWidgets/imagePreview/71044378219255/9830aa6Capture%2B_2017-04-15-14-06-10.png,,142.169.78.137,3680889077316778389,Edit Submission
2017-04-15 13:09:03,Superhound,29,Instinct,198497,[IMG_3010.PNG] https://s3.amazonaws.com/jotformWidgets/imagePreview/71044378219255/442c45fIMG_3010.PNG,4907,[IMG_3011.PNG] https://s3.amazonaws.com/jotformWidgets/imagePreview/71044378219255/6b8fb19IMG_3011.PNG,711.8,[IMG_3012.PNG] https://s3.amazonaws.com/jotformWidgets/imagePreview/71044378219255/9457129IMG_3012.PNG,223,[IMG_3013.PNG] https://s3.amazonaws.com/jotformWidgets/imagePreview/71044378219255/bbe0cc9IMG_3013.PNG,,142.169.78.239,3680889439327409814,Edit Submission
2017-04-15 13:09:29,Avalai,30,Instinct,234315,,6640,,574.3,,150,,,184.151.246.85,3680889695869841001,Edit Submission
2017-04-15 13:09:34,Krys82105d,29,Mystic,33898,[Screenshot_2017-04-15-14-05-21.png] https://s3.amazonaws.com/jotformWidgets/imagePreview/71044378219255/ddaf0b7Screenshot_2017-04-15-14-05-21.png,3432,[Screenshot_2017-04-15-14-04-48.png] https://s3.amazonaws.com/jotformWidgets/imagePreview/71044378219255/dd7c1d1Screenshot_2017-04-15-14-04-48.png,591.4,[Screenshot_2017-04-15-14-05-12.png] https://s3.amazonaws.com/jotformWidgets/imagePreview/71044378219255/dd7adc4Screenshot_2017-04-15-14-05-12.png,688,[Screenshot_2017-04-15-14-04-58.png] https://s3.amazonaws.com/jotformWidgets/imagePreview/71044378219255/dd8b9bfScreenshot_2017-04-15-14-04-58.png,,184.151.246.117,3680889747114043687,Edit Submission
2017-04-15 13:09:50,datasprite12,25,Mystic,716241,[Screenshot_2017-04-15-14-06-48.png] https://s3.amazonaws.com/jotformWidgets/imagePreview/71044378219255/ad09361Screenshot_2017-04-15-14-06-48.png,1579,[Screenshot_2017-04-15-14-07-22.png] https://s3.amazonaws.com/jotformWidgets/imagePreview/71044378219255/c3b4825Screenshot_2017-04-15-14-07-22.png,239.2,[Screenshot_2017-04-15-14-07-10.png] https://s3.amazonaws.com/jotformWidgets/imagePreview/71044378219255/d8b9f31Screenshot_2017-04-15-14-07-10.png,76,[Screenshot_2017-04-15-14-07-36.png] https://s3.amazonaws.com/jotformWidgets/imagePreview/71044378219255/ea49964Screenshot_2017-04-15-14-07-36.png,,24.114.93.74,3680889904738914388,Edit Submission
2017-04-15 13:10:53,KJz92,32,Valor,272454,[Screenshot_20170415-140827.jpg] https://s3.amazonaws.com/jotformWidgets/imagePreview/71044378219255/2b951d2Screenshot_20170415-140827.jpg,8145,[Screenshot_20170415-140839.jpg] https://s3.amazonaws.com/jotformWidgets/imagePreview/71044378219255/2b04799Screenshot_20170415-140839.jpg,555.4,[Screenshot_20170415-140855.jpg] https://s3.amazonaws.com/jotformWidgets/imagePreview/71044378219255/2ad4a32Screenshot_20170415-140855.jpg,173,[Screenshot_20170415-141021.jpg] https://s3.amazonaws.com/jotformWidgets/imagePreview/71044378219255/2acb355Screenshot_20170415-141021.jpg,,24.114.99.15,3680890525191332278,Edit Submission
2017-04-15 13:11:26,Oinky Boinky,35,Mystic,6125147,[Screenshot_20170415-140312.png] https://s3.amazonaws.com/jotformWidgets/imagePreview/71044378219255/4d6a99aScreenshot_20170415-140312.png,18918,[Screenshot_20170415-140350.png] https://s3.amazonaws.com/jotformWidgets/imagePreview/71044378219255/4d27e29Screenshot_20170415-140350.png,1637.8,[Screenshot_20170415-140339.png] https://s3.amazonaws.com/jotformWidgets/imagePreview/71044378219255/4d20674Screenshot_20170415-140339.png,504,[Screenshot_20170415-140625.png] https://s3.amazonaws.com/jotformWidgets/imagePreview/71044378219255/4d18ed2Screenshot_20170415-140625.png,,24.114.108.247,3680890867423798404,Edit Submission
2017-04-15 13:15:31,JeDyTy,28,Valor,210601,[IMG_4058.PNG] https://s3.amazonaws.com/jotformWidgets/imagePreview/71044378219255/40e2db8IMG_4058.PNG,3993,[IMG_4059.PNG] https://s3.amazonaws.com/jotformWidgets/imagePreview/71044378219255/40a2f39IMG_4059.PNG,569.3,[IMG_4062.PNG] https://s3.amazonaws.com/jotformWidgets/imagePreview/71044378219255/4081fe5IMG_4062.PNG,154,[IMG_4063.PNG] https://s3.amazonaws.com/jotformWidgets/imagePreview/71044378219255/408fe84IMG_4063.PNG,,142.169.78.250,3680893310526171448,Edit Submission
2017-04-15 14:20:28,Dtjean,21,Instinct,54260,[IMG_3607.PNG] https://s3.amazonaws.com/jotformWidgets/imagePreview/71044378219255/a77affbIMG_3607.PNG,644,[IMG_3608.PNG] https://s3.amazonaws.com/jotformWidgets/imagePreview/71044378219255/fa7643eIMG_3608.PNG,29,[IMG_3610.PNG] https://s3.amazonaws.com/jotformWidgets/imagePreview/71044378219255/37cd81cIMG_3610.PNG,24,[IMG_3611.PNG] https://s3.amazonaws.com/jotformWidgets/imagePreview/71044378219255/647645fIMG_3611.PNG,,142.169.78.176,3680896286713999732,Edit Submission