"Submission Date","Username","Level","Total XP","Collector Badge","Jogger Badge","Team","XP Screenshot","Collector Badge Screenshot","Jogger Badge Screenshot",""
"2016-11-19 14:19:04","Cathaymon","28","1506904","4743","430.7","Valor","[IMG_2001.PNG] https://s3.amazonaws.com/jotformWidgets/imagePreview/63225367956263/a77eec6IMG_2001.PNG","[IMG_2002.PNG] https://s3.amazonaws.com/jotformWidgets/imagePreview/63225367956263/a741678IMG_2002.PNG","[IMG_2003.PNG] https://s3.amazonaws.com/jotformWidgets/imagePreview/63225367956263/a738afdIMG_2003.PNG",""
"2016-11-19 14:16:20","MyosotisVerbena","26","1006166","2902","337.04","Valor","[Pokémon GO_2016-11-19-14-14-17.png] https://s3.amazonaws.com/jotformWidgets/imagePreview/63225367956263/027c842Pok%C3%A9mon%20GO_2016-11-19-14-14-17.png","[Pokémon GO_2016-11-19-14-14-27.png] https://s3.amazonaws.com/jotformWidgets/imagePreview/63225367956263/022b574Pok%C3%A9mon%20GO_2016-11-19-14-14-27.png","[Pokémon GO_2016-11-19-14-14-43.png] https://s3.amazonaws.com/jotformWidgets/imagePreview/63225367956263/01dca85Pok%C3%A9mon%20GO_2016-11-19-14-14-43.png",""
"2016-11-19 14:16:12","Swandalf1","28","1566095","4886","545.9","Mystic","[IMG_1997.PNG] https://s3.amazonaws.com/jotformWidgets/imagePreview/63225367956263/fb07bd1IMG_1997.PNG","[IMG_1998.PNG] https://s3.amazonaws.com/jotformWidgets/imagePreview/63225367956263/fa33e03IMG_1998.PNG","[IMG_1999.PNG] https://s3.amazonaws.com/jotformWidgets/imagePreview/63225367956263/fa3b545IMG_1999.PNG",""
"2016-11-19 14:16:07","Greatestrondini","29","1702338","4619","423.2","Valor","[Screenshot_20161119-141037.png] https://s3.amazonaws.com/jotformWidgets/imagePreview/63225367956263/f4a851fScreenshot_20161119-141037.png","[Screenshot_20161119-141310.png] https://s3.amazonaws.com/jotformWidgets/imagePreview/63225367956263/f470ffcScreenshot_20161119-141310.png","[Screenshot_20161119-141547.png] https://s3.amazonaws.com/jotformWidgets/imagePreview/63225367956263/f494832Screenshot_20161119-141547.png",""
"2016-11-19 14:14:10","floatingsumaru","33","539431","8642","850.9","Mystic","[image.png] https://s3.amazonaws.com/jotformWidgets/imagePreview/63225367956263/80c58b3image.png","[image.png] https://s3.amazonaws.com/jotformWidgets/imagePreview/63225367956263/7db2852image.png","[image.png] https://s3.amazonaws.com/jotformWidgets/imagePreview/63225367956263/7da2324image.png",""
"2016-11-19 14:13:21","Elracx","34","4821068","11623","893","Mystic","[Screenshot_20161119-141136.png] https://s3.amazonaws.com/jotformWidgets/imagePreview/63225367956263/3a1aefcScreenshot_20161119-141136.png","[Screenshot_20161119-141222.png] https://s3.amazonaws.com/jotformWidgets/imagePreview/63225367956263/45e6027Screenshot_20161119-141222.png","[Screenshot_20161119-141236.png] https://s3.amazonaws.com/jotformWidgets/imagePreview/63225367956263/4d52bd4Screenshot_20161119-141236.png",""
"2016-11-19 14:09:02","DragonGirl11","24","683410","1965","172.1","Mystic","[Screenshot_2016-11-19-14-07-12.png] https://s3.amazonaws.com/jotformWidgets/imagePreview/63225367956263/1ab4decScreenshot_2016-11-19-14-07-12.png","[Screenshot_2016-11-19-14-07-34.png] https://s3.amazonaws.com/jotformWidgets/imagePreview/63225367956263/2c48117Screenshot_2016-11-19-14-07-34.png","[Screenshot_2016-11-19-14-07-22.png] https://s3.amazonaws.com/jotformWidgets/imagePreview/63225367956263/3d826f4Screenshot_2016-11-19-14-07-22.png",""
"2016-11-19 14:07:50","Jer02","30","2192851","6127","1083.7","Instinct","[IMG_1048.PNG] https://s3.amazonaws.com/jotformWidgets/imagePreview/63225367956263/04baf73IMG_1048.PNG","[IMG_1050.PNG] https://s3.amazonaws.com/jotformWidgets/imagePreview/63225367956263/051d480IMG_1050.PNG","[IMG_1049.PNG] https://s3.amazonaws.com/jotformWidgets/imagePreview/63225367956263/047553fIMG_1049.PNG",""
"2016-11-19 14:06:37","Hashable","28","1575573","3792","486.3","Instinct","[tmp_13219-Screenshot_20161119-1402561271743476.png] https://s3.amazonaws.com/jotformWidgets/imagePreview/63225367956263/bc6526etmp_13219-Screenshot_20161119-1402561271743476.png","[tmp_13219-Screenshot_20161119-1403031252571057.png] https://s3.amazonaws.com/jotformWidgets/imagePreview/63225367956263/b6a97f8tmp_13219-Screenshot_20161119-1403031252571057.png","[tmp_13219-Screenshot_20161119-1403241306404965.png] https://s3.amazonaws.com/jotformWidgets/imagePreview/63225367956263/b942810tmp_13219-Screenshot_20161119-1403241306404965.png",""
"2016-11-19 14:06:28","Hasagamii","20","20255","879","41.1","Instinct","[Screenshot_2016-11-19-14-01-17.png] https://s3.amazonaws.com/jotformWidgets/imagePreview/63225367956263/b2b531fScreenshot_2016-11-19-14-01-17.png","[Screenshot_2016-11-19-14-01-34.png] https://s3.amazonaws.com/jotformWidgets/imagePreview/63225367956263/ae0aa95Screenshot_2016-11-19-14-01-34.png","[Screenshot_2016-11-19-14-01-40.png] https://s3.amazonaws.com/jotformWidgets/imagePreview/63225367956263/a829fc8Screenshot_2016-11-19-14-01-40.png",""
"2016-11-19 14:06:12","Mellib0035","23","114824","1915","176.0","Instinct","[IMG_4391.PNG] https://s3.amazonaws.com/jotformWidgets/imagePreview/63225367956263/a2e9834IMG_4391.PNG","[IMG_4393.PNG] https://s3.amazonaws.com/jotformWidgets/imagePreview/63225367956263/a215bdcIMG_4393.PNG","[IMG_4393.PNG] https://s3.amazonaws.com/jotformWidgets/imagePreview/63225367956263/a221c2eIMG_4393.PNG",""
"2016-11-19 14:06:09","Massiec77","32","184043","7325","584.5","Instinct","[Screenshot_20161119-140119.png] https://s3.amazonaws.com/jotformWidgets/imagePreview/63225367956263/7dbe229Screenshot_20161119-140119.png","[Screenshot_20161119-140032.png] https://s3.amazonaws.com/jotformWidgets/imagePreview/63225367956263/a0d12c2Screenshot_20161119-140032.png","[Screenshot_20161119-140051.png] https://s3.amazonaws.com/jotformWidgets/imagePreview/63225367956263/90c799aScreenshot_20161119-140051.png",""
"2016-11-19 14:06:00","RubiesRRed","34","138274","13148","1157.2","Valor","[IMG_1277.PNG] https://s3.amazonaws.com/jotformWidgets/imagePreview/63225367956263/67918ddIMG_1277.PNG","[IMG_1278.PNG] https://s3.amazonaws.com/jotformWidgets/imagePreview/63225367956263/74abac7IMG_1278.PNG","[IMG_1279.PNG] https://s3.amazonaws.com/jotformWidgets/imagePreview/63225367956263/90b7039IMG_1279.PNG",""
"2016-11-19 14:05:55","Arasarn","33","3914231","11729","939.4","Valor","[IMG_0987.PNG] https://s3.amazonaws.com/jotformWidgets/imagePreview/63225367956263/91d145fIMG_0987.PNG","[IMG_0985.PNG] https://s3.amazonaws.com/jotformWidgets/imagePreview/63225367956263/90840acIMG_0985.PNG","[IMG_0986.PNG] https://s3.amazonaws.com/jotformWidgets/imagePreview/63225367956263/9045c62IMG_0986.PNG",""
"2016-11-19 14:05:50","svCruz","35","6707453","20818","1281.3","Instinct","[image.jpg] https://s3.amazonaws.com/jotformWidgets/imagePreview/63225367956263/8cd52e0image.jpg","[image.jpg] https://s3.amazonaws.com/jotformWidgets/imagePreview/63225367956263/8cdcf34image.jpg","[image.jpg] https://s3.amazonaws.com/jotformWidgets/imagePreview/63225367956263/8cb9074image.jpg",""
"2016-11-19 14:05:46","Exdeath86","32","3283955","9184","934.6","Mystic","","","",""
"2016-11-19 14:05:46","OrShiro","16","124750","423","49.2","Mystic","[Screenshot_20161119-140234.png] https://s3.amazonaws.com/jotformWidgets/imagePreview/63225367956263/892c431Screenshot_20161119-140234.png","[Screenshot_20161119-140258.png] https://s3.amazonaws.com/jotformWidgets/imagePreview/63225367956263/88df491Screenshot_20161119-140258.png","[Screenshot_20161119-140246.png] https://s3.amazonaws.com/jotformWidgets/imagePreview/63225367956263/882353fScreenshot_20161119-140246.png",""
"2016-11-19 14:05:37","Hbat10","24","68350","2280","192.4","Mystic","[IMG_7954.PNG] https://s3.amazonaws.com/jotformWidgets/imagePreview/63225367956263/7fc1e92IMG_7954.PNG","[IMG_7955.PNG] https://s3.amazonaws.com/jotformWidgets/imagePreview/63225367956263/7b2aec6IMG_7955.PNG","[IMG_7956.PNG] https://s3.amazonaws.com/jotformWidgets/imagePreview/63225367956263/7b12407IMG_7956.PNG",""
"2016-11-19 14:05:30","nenyy07","23","451805","1533","99.5","Instinct","[Screenshot_20161119-140102.png] https://s3.amazonaws.com/jotformWidgets/imagePreview/63225367956263/788403fScreenshot_20161119-140102.png","[Screenshot_20161119-140021.png] https://s3.amazonaws.com/jotformWidgets/imagePreview/63225367956263/73647eeScreenshot_20161119-140021.png","[Screenshot_20161119-140040.png] https://s3.amazonaws.com/jotformWidgets/imagePreview/63225367956263/727ce80Screenshot_20161119-140040.png",""
"2016-11-19 14:04:26","Vandermear","27","1312327","3779","392.6","Mystic","[Capture+_2016-11-19-14-01-33.png] https://s3.amazonaws.com/jotformWidgets/imagePreview/63225367956263/1683b7aCapture%2B_2016-11-19-14-01-33.png","[Capture+_2016-11-19-14-01-44.png] https://s3.amazonaws.com/jotformWidgets/imagePreview/63225367956263/29c21f5Capture%2B_2016-11-19-14-01-44.png","[Capture+_2016-11-19-14-01-56.png] https://s3.amazonaws.com/jotformWidgets/imagePreview/63225367956263/356d5d4Capture%2B_2016-11-19-14-01-56.png",""
"2016-11-19 14:04:22","Azuragami","26","973199","3005","239","Instinct","[Screenshot_2016-11-19-14-00-10.png] https://s3.amazonaws.com/jotformWidgets/imagePreview/63225367956263/2c5b227Screenshot_2016-11-19-14-00-10.png","[Screenshot_2016-11-19-14-00-16.png] https://s3.amazonaws.com/jotformWidgets/imagePreview/63225367956263/12e1d02Screenshot_2016-11-19-14-00-16.png","[Screenshot_2016-11-19-14-00-29.png] https://s3.amazonaws.com/jotformWidgets/imagePreview/63225367956263/fe81d38Screenshot_2016-11-19-14-00-29.png",""
"2016-11-19 14:04:17","undgbggngh","21","318375","753","47.2","Instinct","[IMG_0152.png] https://s3.amazonaws.com/jotformWidgets/imagePreview/63225367956263/2e1e1e0IMG_0152.png","[IMG_0153.png] https://s3.amazonaws.com/jotformWidgets/imagePreview/63225367956263/2e043cbIMG_0153.png","[IMG_0154.png] https://s3.amazonaws.com/jotformWidgets/imagePreview/63225367956263/2e20027IMG_0154.png",""
"2016-11-19 14:04:00","xXMadGhostXx","21","48482","1121","124.5","Mystic","","","",""
"2016-11-19 14:03:56","EmilieAndJakob","25","162669","2490","286.1","Valor","[IMG_1951.PNG] https://s3.amazonaws.com/jotformWidgets/imagePreview/63225367956263/1bb4f99IMG_1951.PNG","[IMG_1949.PNG] https://s3.amazonaws.com/jotformWidgets/imagePreview/63225367956263/1883ccdIMG_1949.PNG","[IMG_1950.PNG] https://s3.amazonaws.com/jotformWidgets/imagePreview/63225367956263/1837eb3IMG_1950.PNG",""
"2016-11-19 14:03:52","JakeDude23","14","3295","322","9.0","Valor","[IMG_0019.PNG] https://s3.amazonaws.com/jotformWidgets/imagePreview/63225367956263/173bb8eIMG_0019.PNG","[IMG_0017.PNG] https://s3.amazonaws.com/jotformWidgets/imagePreview/63225367956263/1704605IMG_0017.PNG","[IMG_0018.PNG] https://s3.amazonaws.com/jotformWidgets/imagePreview/63225367956263/16f1f28IMG_0018.PNG",""
"2016-11-19 14:03:08","Shaydekitty","28","1420230","3807","474.4","Instinct","[Screenshot_20161119-140014.png] https://s3.amazonaws.com/jotformWidgets/imagePreview/63225367956263/eaa204dScreenshot_20161119-140014.png","[Screenshot_20161119-140036.png] https://s3.amazonaws.com/jotformWidgets/imagePreview/63225367956263/e8eb31cScreenshot_20161119-140036.png","[Screenshot_20161119-140042.png] https://s3.amazonaws.com/jotformWidgets/imagePreview/63225367956263/e903ce3Screenshot_20161119-140042.png",""
"2016-11-19 14:02:50","Infinitrize","32","3187690","9257","840.6","Instinct","[Screenshot_2016-11-19-13-59-08.png] https://s3.amazonaws.com/jotformWidgets/imagePreview/63225367956263/b03af3eScreenshot_2016-11-19-13-59-08.png","[Screenshot_2016-11-19-13-59-20.png] https://s3.amazonaws.com/jotformWidgets/imagePreview/63225367956263/bc41b92Screenshot_2016-11-19-13-59-20.png","[Screenshot_2016-11-19-13-59-51.png] https://s3.amazonaws.com/jotformWidgets/imagePreview/63225367956263/c6e8cccScreenshot_2016-11-19-13-59-51.png",""
"2016-11-19 14:02:41","pathos41","35","6361565","17823","1059.0","Mystic","","","",""
"2016-11-19 14:02:39","Bits1957","32","3384940","9052","586.4","Instinct","","","",""
"2016-11-19 14:02:39","GRAF3NB3RG ","34","1095059","12072","1015.6","Instinct","[IMG_2007.PNG] https://s3.amazonaws.com/jotformWidgets/imagePreview/63225367956263/a432ca8IMG_2007.PNG","[IMG_2009.PNG] https://s3.amazonaws.com/jotformWidgets/imagePreview/63225367956263/b21ddc9IMG_2009.PNG","[IMG_2008.PNG] https://s3.amazonaws.com/jotformWidgets/imagePreview/63225367956263/cadc022IMG_2008.PNG",""
"2016-11-19 14:02:00","Tp0t","30","2165347","4981","435.8","Instinct","[IMG_0686.PNG] https://s3.amazonaws.com/jotformWidgets/imagePreview/63225367956263/76cdc17IMG_0686.PNG","[IMG_0687.PNG] https://s3.amazonaws.com/jotformWidgets/imagePreview/63225367956263/945179aIMG_0687.PNG","[IMG_0688.PNG] https://s3.amazonaws.com/jotformWidgets/imagePreview/63225367956263/a174779IMG_0688.PNG",""
"2016-11-19 14:01:53","Troutpoo1","26","109745","3745","380.9","Valor","[IMG_1239.PNG] https://s3.amazonaws.com/jotformWidgets/imagePreview/63225367956263/9f5cce4IMG_1239.PNG","[IMG_1240.PNG] https://s3.amazonaws.com/jotformWidgets/imagePreview/63225367956263/97d4d44IMG_1240.PNG","[IMG_1241.PNG] https://s3.amazonaws.com/jotformWidgets/imagePreview/63225367956263/97a5c44IMG_1241.PNG",""
"2016-11-19 14:01:52","pelliepenguin","32","3411630","9584","730.6","Mystic","[Screenshot_2016-11-19-14-00-44.png] https://s3.amazonaws.com/jotformWidgets/imagePreview/63225367956263/6c2843eScreenshot_2016-11-19-14-00-44.png","[Screenshot_2016-11-19-14-01-14.png] https://s3.amazonaws.com/jotformWidgets/imagePreview/63225367956263/83b0c9bScreenshot_2016-11-19-14-01-14.png","[Screenshot_2016-11-19-14-01-33.png] https://s3.amazonaws.com/jotformWidgets/imagePreview/63225367956263/9828e01Screenshot_2016-11-19-14-01-33.png",""
"2016-11-19 14:01:01","Mellib0025","23","527774","1848","173.8","Instinct","[IMG_4387.PNG] https://s3.amazonaws.com/jotformWidgets/imagePreview/63225367956263/2561391IMG_4387.PNG","[IMG_4388.PNG] https://s3.amazonaws.com/jotformWidgets/imagePreview/63225367956263/13dc4ecIMG_4388.PNG","[IMG_4389.PNG] https://s3.amazonaws.com/jotformWidgets/imagePreview/63225367956263/232eb03IMG_4389.PNG",""
"2016-11-19 14:00:45","pathos41","35","6324690","17613","1052.3","Mystic","","","",""
"2016-11-19 14:00:42","WhiteySwag","32","544325","10105","839.5","Mystic","[Screenshot_20161119-135813.png] https://s3.amazonaws.com/jotformWidgets/imagePreview/63225367956263/3806a51Screenshot_20161119-135813.png","[Screenshot_20161119-135906.png] https://s3.amazonaws.com/jotformWidgets/imagePreview/63225367956263/4aac47eScreenshot_20161119-135906.png","[Screenshot_20161119-135935.png] https://s3.amazonaws.com/jotformWidgets/imagePreview/63225367956263/592d123Screenshot_20161119-135935.png",""
"2016-11-19 13:59:49","Stephanie870","26","988829","3393","306.3","Valor","[IMG_1165.PNG] https://s3.amazonaws.com/jotformWidgets/imagePreview/63225367956263/22a0cecIMG_1165.PNG","[IMG_1166.PNG] https://s3.amazonaws.com/jotformWidgets/imagePreview/63225367956263/229ba48IMG_1166.PNG","[IMG_1167.PNG] https://s3.amazonaws.com/jotformWidgets/imagePreview/63225367956263/225f686IMG_1167.PNG",""
"2016-11-19 13:59:35","Awaylemonade","28","1627668","4349","295.4","Instinct","[Screenshot_20161119-135629.png] https://s3.amazonaws.com/jotformWidgets/imagePreview/63225367956263/127d61eScreenshot_20161119-135629.png","[Screenshot_20161119-135636.png] https://s3.amazonaws.com/jotformWidgets/imagePreview/63225367956263/9aeacceScreenshot_20161119-135636.png","[Screenshot_20161119-135642.png] https://s3.amazonaws.com/jotformWidgets/imagePreview/63225367956263/a36a9dbScreenshot_20161119-135642.png",""
"2016-11-19 13:59:03","GiganticTuna","34","5065792","11250","509.8","Instinct","[Screenshot_20161119-135724.png] https://s3.amazonaws.com/jotformWidgets/imagePreview/63225367956263/e75bf20Screenshot_20161119-135724.png","[Screenshot_20161119-135728.png] https://s3.amazonaws.com/jotformWidgets/imagePreview/63225367956263/edcb393Screenshot_20161119-135728.png","[Screenshot_20161119-135735.png] https://s3.amazonaws.com/jotformWidgets/imagePreview/63225367956263/f52f2e5Screenshot_20161119-135735.png",""
"2016-11-19 13:58:16","BlueGospelOne ","25","770788","2025","172.8","Instinct","","","",""
"2016-11-19 13:56:50","FenceHayward","29","61530","4971","255.6","Valor","[IMG_1320.PNG] https://s3.amazonaws.com/jotformWidgets/imagePreview/63225367956263/6cdb1fcIMG_1320.PNG","[IMG_1322.PNG] https://s3.amazonaws.com/jotformWidgets/imagePreview/63225367956263/6e9c6ffIMG_1322.PNG","[IMG_1321.PNG] https://s3.amazonaws.com/jotformWidgets/imagePreview/63225367956263/6b530d4IMG_1321.PNG",""
"2016-11-19 13:56:27","MitchMan91","30","356832","7397","507.2","Mystic","[image.png] https://s3.amazonaws.com/jotformWidgets/imagePreview/63225367956263/5a0e50fimage.png","[image.png] https://s3.amazonaws.com/jotformWidgets/imagePreview/63225367956263/59b6f9dimage.png","[image.png] https://s3.amazonaws.com/jotformWidgets/imagePreview/63225367956263/59a62e4image.png",""
"2016-11-19 13:56:22","SimplyMoxie","37","10774371","26314","1626.6","Mystic","[Screenshot_20161119-135540.png] https://s3.amazonaws.com/jotformWidgets/imagePreview/63225367956263/55be687Screenshot_20161119-135540.png","[Screenshot_20161119-135501.png] https://s3.amazonaws.com/jotformWidgets/imagePreview/63225367956263/557d0b0Screenshot_20161119-135501.png","[Screenshot_20161119-135603.png] https://s3.amazonaws.com/jotformWidgets/imagePreview/63225367956263/55a9e83Screenshot_20161119-135603.png",""
"2016-11-19 13:56:13","Emmhydee ","18","162326","580","53.4","Instinct","[IMG_0356.PNG] https://s3.amazonaws.com/jotformWidgets/imagePreview/63225367956263/4c50e0aIMG_0356.PNG","[IMG_0358.PNG] https://s3.amazonaws.com/jotformWidgets/imagePreview/63225367956263/4c0d31aIMG_0358.PNG","[IMG_0357.PNG] https://s3.amazonaws.com/jotformWidgets/imagePreview/63225367956263/4c09cd1IMG_0357.PNG",""
"2016-11-19 13:56:02","Germaniak","27","135697","3786","329.6","Instinct","[Screenshot_2016-11-19-12-28-05.png] https://s3.amazonaws.com/jotformWidgets/imagePreview/63225367956263/d5df3a6Screenshot_2016-11-19-12-28-05.png","[Screenshot_2016-11-19-12-27-55.png] https://s3.amazonaws.com/jotformWidgets/imagePreview/63225367956263/d27620aScreenshot_2016-11-19-12-27-55.png","[Screenshot_2016-11-19-12-27-46.png] https://s3.amazonaws.com/jotformWidgets/imagePreview/63225367956263/d0d3426Screenshot_2016-11-19-12-27-46.png",""
"2016-11-19 13:55:49","Apohcalypse","30","144842","6908","411.8","Mystic","[Screenshot_20161119-135000.png] https://s3.amazonaws.com/jotformWidgets/imagePreview/63225367956263/2c0c190Screenshot_20161119-135000.png","[Screenshot_20161119-135017.png] https://s3.amazonaws.com/jotformWidgets/imagePreview/63225367956263/0db0955Screenshot_20161119-135017.png","[Screenshot_20161119-135026.png] https://s3.amazonaws.com/jotformWidgets/imagePreview/63225367956263/26c2b9cScreenshot_20161119-135026.png",""
"2016-11-19 13:54:54","Legacy15","29","73840","4020","383","Valor","","","",""
"2016-11-19 13:49:57","Peetarded","36","7631089","20253","1256.8","Valor","[IMG_6062.PNG] https://s3.amazonaws.com/jotformWidgets/imagePreview/63225367956263/d3d23caIMG_6062.PNG","[IMG_6063.PNG] https://s3.amazonaws.com/jotformWidgets/imagePreview/63225367956263/d38236cIMG_6063.PNG","[IMG_6064.PNG] https://s3.amazonaws.com/jotformWidgets/imagePreview/63225367956263/d39020cIMG_6064.PNG",""
"2016-11-19 13:40:57","TyrMpatt","30","2067595","6020","751","Instinct","[Screenshot_2016-11-19-13-37-16.png] https://s3.amazonaws.com/jotformWidgets/imagePreview/63225367956263/b7bc6d7Screenshot_2016-11-19-13-37-16.png","[Screenshot_2016-11-19-13-37-33.png] https://s3.amazonaws.com/jotformWidgets/imagePreview/63225367956263/b3bb812Screenshot_2016-11-19-13-37-33.png","[Screenshot_2016-11-19-13-37-52.png] https://s3.amazonaws.com/jotformWidgets/imagePreview/63225367956263/ab194ccScreenshot_2016-11-19-13-37-52.png",""
"2016-11-19 12:36:53","Exdeath86","32","3263970","9075","930.3","Mystic","","","",""
"2016-11-19 12:32:45","BlueGospelOne ","25","761223","1974","169.8","Instinct","","","",""
"2016-11-19 12:31:40","Emmhydee ","17","150604","528","50.4","Instinct","[IMG_0354.PNG] https://s3.amazonaws.com/jotformWidgets/imagePreview/63225367956263/7a0bd12IMG_0354.PNG","[IMG_0353.PNG] https://s3.amazonaws.com/jotformWidgets/imagePreview/63225367956263/7aca700IMG_0353.PNG","[IMG_0355.PNG] https://s3.amazonaws.com/jotformWidgets/imagePreview/63225367956263/79bdae7IMG_0355.PNG",""
"2016-11-19 12:29:28","Germaniak","27","1219137","3705","326","Instinct","[Screenshot_2016-11-19-12-28-05.png] https://s3.amazonaws.com/jotformWidgets/imagePreview/63225367956263/d5df3a6Screenshot_2016-11-19-12-28-05.png","[Screenshot_2016-11-19-12-27-55.png] https://s3.amazonaws.com/jotformWidgets/imagePreview/63225367956263/d27620aScreenshot_2016-11-19-12-27-55.png","[Screenshot_2016-11-19-12-27-46.png] https://s3.amazonaws.com/jotformWidgets/imagePreview/63225367956263/d0d3426Screenshot_2016-11-19-12-27-46.png",""
"2016-11-19 12:19:07","Cathaymon","28","1495534","4687","426.7","Valor","[IMG_1996.PNG] https://s3.amazonaws.com/jotformWidgets/imagePreview/63225367956263/67c9592IMG_1996.PNG","[IMG_1995.PNG] https://s3.amazonaws.com/jotformWidgets/imagePreview/63225367956263/781167fIMG_1995.PNG","[IMG_1994.PNG] https://s3.amazonaws.com/jotformWidgets/imagePreview/63225367956263/8a185f7IMG_1994.PNG",""
"2016-11-19 12:17:15","Bits1957","32","3337770","8940","584.2","Instinct","","","",""
"2016-11-19 12:13:23","Swandalf1","28","1553216","4819","541.8","Mystic","[IMG_1991.PNG] https://s3.amazonaws.com/jotformWidgets/imagePreview/63225367956263/931f673IMG_1991.PNG","[IMG_1993.PNG] https://s3.amazonaws.com/jotformWidgets/imagePreview/63225367956263/c7499ecIMG_1993.PNG","[IMG_1992.PNG] https://s3.amazonaws.com/jotformWidgets/imagePreview/63225367956263/20d2608IMG_1992.PNG",""
"2016-11-19 12:11:01","goriffic","25","753883","2257","223.7","Instinct","[IMG_0137.png] https://s3.amazonaws.com/jotformWidgets/imagePreview/63225367956263/a42faabIMG_0137.png","[IMG_0138.png] https://s3.amazonaws.com/jotformWidgets/imagePreview/63225367956263/a40edb7IMG_0138.png","[IMG_0139.png] https://s3.amazonaws.com/jotformWidgets/imagePreview/63225367956263/a3bf61fIMG_0139.png",""
"2016-11-19 12:10:48","Darwing36","29","144765","5886","380","Valor","[Pokémon GO_2016-11-19-12-09-22.png] https://s3.amazonaws.com/jotformWidgets/imagePreview/63225367956263/96b6a8cPok%C3%A9mon%20GO_2016-11-19-12-09-22.png","[Pokémon GO_2016-11-19-12-09-50.png] https://s3.amazonaws.com/jotformWidgets/imagePreview/63225367956263/962cc89Pok%C3%A9mon%20GO_2016-11-19-12-09-50.png","[Pokémon GO_2016-11-19-12-10-16.png] https://s3.amazonaws.com/jotformWidgets/imagePreview/63225367956263/95eeac3Pok%C3%A9mon%20GO_2016-11-19-12-10-16.png",""
"2016-11-19 12:09:00","Peekachew4u","28","1356368","3020","379.7","Instinct","[IMG_0180.PNG] https://s3.amazonaws.com/jotformWidgets/imagePreview/63225367956263/2b4d644IMG_0180.PNG","[IMG_0187.PNG] https://s3.amazonaws.com/jotformWidgets/imagePreview/63225367956263/2b20118IMG_0187.PNG","[IMG_0188.PNG] https://s3.amazonaws.com/jotformWidgets/imagePreview/63225367956263/0f4158aIMG_0188.PNG",""
"2016-11-19 12:08:24","undgbggngh","17","159605","663","45.5","Instinct","[IMG_0151.png] https://s3.amazonaws.com/jotformWidgets/imagePreview/63225367956263/066a1ceIMG_0151.png","[IMG_0150.png] https://s3.amazonaws.com/jotformWidgets/imagePreview/63225367956263/04bcbc5IMG_0150.png","[IMG_0149.png] https://s3.amazonaws.com/jotformWidgets/imagePreview/63225367956263/02cf3a0IMG_0149.png",""
"2016-11-19 12:08:11","Hashable","28","1542949","3792","484.1","Instinct","[tmp_13219-Screenshot_20161119-1202101125482822.png] https://s3.amazonaws.com/jotformWidgets/imagePreview/63225367956263/f9b8de8tmp_13219-Screenshot_20161119-1202101125482822.png","[tmp_13219-Screenshot_20161119-120223985479891.png] https://s3.amazonaws.com/jotformWidgets/imagePreview/63225367956263/f5eed89tmp_13219-Screenshot_20161119-120223985479891.png","[tmp_13219-Screenshot_20161119-120337521975156.png] https://s3.amazonaws.com/jotformWidgets/imagePreview/63225367956263/f247featmp_13219-Screenshot_20161119-120337521975156.png",""
"2016-11-19 12:06:50","avalai","27","1178698","3806","324.4","Instinct","","","",""
"2016-11-19 12:05:11","TyrMpatt","30","2034710","5941","747","Instinct","[Screenshot_2016-11-19-11-56-11.png] https://s3.amazonaws.com/jotformWidgets/imagePreview/63225367956263/0e58224Screenshot_2016-11-19-11-56-11.png","[Screenshot_2016-11-19-11-58-15.png] https://s3.amazonaws.com/jotformWidgets/imagePreview/63225367956263/0d1cf47Screenshot_2016-11-19-11-58-15.png","[Screenshot_2016-11-19-12-00-25.png] https://s3.amazonaws.com/jotformWidgets/imagePreview/63225367956263/0adc17bScreenshot_2016-11-19-12-00-25.png",""
"2016-11-19 12:04:53","lukegecko","21","330695","858","59.1","Valor","[IMG_0146.png] https://s3.amazonaws.com/jotformWidgets/imagePreview/63225367956263/331e2a1IMG_0146.png","[IMG_0147.png] https://s3.amazonaws.com/jotformWidgets/imagePreview/63225367956263/33a4f06IMG_0147.png","[IMG_0148.png] https://s3.amazonaws.com/jotformWidgets/imagePreview/63225367956263/32278b3IMG_0148.png",""
"2016-11-19 12:04:49","pokemoncooper88 ","26","184286","3067","246.5","Instinct","[Screenshot_2016-11-19-12-02-39.png] https://s3.amazonaws.com/jotformWidgets/imagePreview/63225367956263/307123eScreenshot_2016-11-19-12-02-39.png","[Screenshot_2016-11-19-12-02-53.png] https://s3.amazonaws.com/jotformWidgets/imagePreview/63225367956263/30306a4Screenshot_2016-11-19-12-02-53.png","[Screenshot_2016-11-19-12-02-47.png] https://s3.amazonaws.com/jotformWidgets/imagePreview/63225367956263/3000914Screenshot_2016-11-19-12-02-47.png",""
"2016-11-19 12:03:11","P090909","32","594546","9623","1159.5","Instinct","[IMG_3872.PNG] https://s3.amazonaws.com/jotformWidgets/imagePreview/63225367956263/ce11953IMG_3872.PNG","[IMG_3873.PNG] https://s3.amazonaws.com/jotformWidgets/imagePreview/63225367956263/cdc63c7IMG_3873.PNG","[IMG_3874.PNG] https://s3.amazonaws.com/jotformWidgets/imagePreview/63225367956263/cdcf443IMG_3874.PNG",""
"2016-11-19 12:02:01","dexterlizard","14","89915","290","9.5","Mystic","[IMG_0143.png] https://s3.amazonaws.com/jotformWidgets/imagePreview/63225367956263/8145eb9IMG_0143.png","[IMG_0145.png] https://s3.amazonaws.com/jotformWidgets/imagePreview/63225367956263/8112cd9IMG_0145.png","[IMG_0144.png] https://s3.amazonaws.com/jotformWidgets/imagePreview/63225367956263/810d0e3IMG_0144.png",""
"2016-11-19 12:01:59","Awaylemonade","28","1599273","4178","289.8","Instinct","[Screenshot_20161119-115430.png] https://s3.amazonaws.com/jotformWidgets/imagePreview/63225367956263/4f0bd45Screenshot_20161119-115430.png","[Screenshot_20161119-115435.png] https://s3.amazonaws.com/jotformWidgets/imagePreview/63225367956263/45a83a9Screenshot_20161119-115435.png","[Screenshot_20161119-115443.png] https://s3.amazonaws.com/jotformWidgets/imagePreview/63225367956263/376bef8Screenshot_20161119-115443.png",""
"2016-11-19 12:00:45","Refracta","17","7975","494","324","Instinct","[Screenshot_20161119-114742.png] https://s3.amazonaws.com/jotformWidgets/imagePreview/63225367956263/cf7b2b5Screenshot_20161119-114742.png","[Screenshot_20161119-114802.png] https://s3.amazonaws.com/jotformWidgets/imagePreview/63225367956263/eeca7daScreenshot_20161119-114802.png","[Screenshot_20161119-114749.png] https://s3.amazonaws.com/jotformWidgets/imagePreview/63225367956263/d11dc0dScreenshot_20161119-114749.png",""
"2016-11-19 11:59:26","Tp0t","30","2118902","4840","428.4","Instinct","[IMG_0683.PNG] https://s3.amazonaws.com/jotformWidgets/imagePreview/63225367956263/7d3e3a5IMG_0683.PNG","[IMG_0682.PNG] https://s3.amazonaws.com/jotformWidgets/imagePreview/63225367956263/c22be2eIMG_0682.PNG","[IMG_0685.PNG] https://s3.amazonaws.com/jotformWidgets/imagePreview/63225367956263/e75ac3dIMG_0685.PNG",""
"2016-11-19 11:58:22","Pokehshawny","32","3036759","8041","637.8","Valor","[Screenshot_2016-11-19-11-55-10.png] https://s3.amazonaws.com/jotformWidgets/imagePreview/63225367956263/acdaf96Screenshot_2016-11-19-11-55-10.png","[Screenshot_2016-11-19-11-55-00.png] https://s3.amazonaws.com/jotformWidgets/imagePreview/63225367956263/acaa404Screenshot_2016-11-19-11-55-00.png","[Screenshot_2016-11-19-11-54-48.png] https://s3.amazonaws.com/jotformWidgets/imagePreview/63225367956263/ac069b9Screenshot_2016-11-19-11-54-48.png",""
"2016-11-19 11:58:06","GRAF3NB3RG","34","1033169","11882","1008.4","Instinct","[IMG_2004.PNG] https://s3.amazonaws.com/jotformWidgets/imagePreview/63225367956263/7f18675IMG_2004.PNG","[IMG_2005.PNG] https://s3.amazonaws.com/jotformWidgets/imagePreview/63225367956263/9d055c1IMG_2005.PNG","[IMG_2006.PNG] https://s3.amazonaws.com/jotformWidgets/imagePreview/63225367956263/9d1387eIMG_2006.PNG",""
"2016-11-19 11:57:41","Mellib0025","23","527774","1848","173.8","Instinct","[IMG_4387.PNG] https://s3.amazonaws.com/jotformWidgets/imagePreview/63225367956263/2561391IMG_4387.PNG","[IMG_4388.PNG] https://s3.amazonaws.com/jotformWidgets/imagePreview/63225367956263/13dc4ecIMG_4388.PNG","[IMG_4389.PNG] https://s3.amazonaws.com/jotformWidgets/imagePreview/63225367956263/232eb03IMG_4389.PNG",""
"2016-11-19 11:57:24","Infinitrize","32","3154500","9052","835.1","Instinct","[Screenshot_2016-11-19-11-54-59.png] https://s3.amazonaws.com/jotformWidgets/imagePreview/63225367956263/2c92ebfScreenshot_2016-11-19-11-54-59.png","[Screenshot_2016-11-19-11-55-42.png] https://s3.amazonaws.com/jotformWidgets/imagePreview/63225367956263/33314bdScreenshot_2016-11-19-11-55-42.png","[Screenshot_2016-11-19-11-56-50.png] https://s3.amazonaws.com/jotformWidgets/imagePreview/63225367956263/66a8ce2Screenshot_2016-11-19-11-56-50.png",""
"2016-11-19 11:55:57","GiganticTuna","34","4982892","11038","502.8","Instinct","[Screenshot_20161119-115502.png] https://s3.amazonaws.com/jotformWidgets/imagePreview/63225367956263/167c61fScreenshot_20161119-115502.png","[Screenshot_20161119-115506.png] https://s3.amazonaws.com/jotformWidgets/imagePreview/63225367956263/1a07e92Screenshot_20161119-115506.png","[Screenshot_20161119-115513.png] https://s3.amazonaws.com/jotformWidgets/imagePreview/63225367956263/1b2fb2aScreenshot_20161119-115513.png",""
"2016-11-19 11:55:41","Ron7136 ","29","1731982","4941","644.9","Instinct","[image.png] https://s3.amazonaws.com/jotformWidgets/imagePreview/63225367956263/0c40e2cimage.png","[image.png] https://s3.amazonaws.com/jotformWidgets/imagePreview/63225367956263/0187ee9image.png","[image.png] https://s3.amazonaws.com/jotformWidgets/imagePreview/63225367956263/f9ae2edimage.png",""
"2016-11-19 11:55:35","WhiteySwag","32","514050","9928","831.4","Mystic","[Screenshot_20161119-115017.png] https://s3.amazonaws.com/jotformWidgets/imagePreview/63225367956263/0544fabScreenshot_20161119-115017.png","[Screenshot_20161119-115453.png] https://s3.amazonaws.com/jotformWidgets/imagePreview/63225367956263/05c07bbScreenshot_20161119-115453.png","[Screenshot_20161119-115519.png] https://s3.amazonaws.com/jotformWidgets/imagePreview/63225367956263/0550d04Screenshot_20161119-115519.png",""
"2016-11-19 11:55:29","Vandermear","27","1293972","3701","390.2","Mystic","[Capture+_2016-11-19-11-54-17.png] https://s3.amazonaws.com/jotformWidgets/imagePreview/63225367956263/dff15f1Capture%2B_2016-11-19-11-54-17.png","[Capture+_2016-11-19-11-54-08.png] https://s3.amazonaws.com/jotformWidgets/imagePreview/63225367956263/f19ac23Capture%2B_2016-11-19-11-54-08.png","[Capture+_2016-11-19-11-53-54.png] https://s3.amazonaws.com/jotformWidgets/imagePreview/63225367956263/00abdf2Capture%2B_2016-11-19-11-53-54.png",""
"2016-11-19 11:55:10","O2binot","28","1350318","3146","628.5","Mystic","[IMG_2907.PNG] https://s3.amazonaws.com/jotformWidgets/imagePreview/63225367956263/ecb776fIMG_2907.PNG","[IMG_2908.PNG] https://s3.amazonaws.com/jotformWidgets/imagePreview/63225367956263/ec60a3bIMG_2908.PNG","[IMG_2909.PNG] https://s3.amazonaws.com/jotformWidgets/imagePreview/63225367956263/ec3f04dIMG_2909.PNG",""
"2016-11-19 11:54:40","pelliepenguin","32","3376950","9398","722.5","Mystic","[Screenshot_2016-11-19-11-54-22.png] https://s3.amazonaws.com/jotformWidgets/imagePreview/63225367956263/cb803c1Screenshot_2016-11-19-11-54-22.png","[Screenshot_2016-11-19-11-50-18.png] https://s3.amazonaws.com/jotformWidgets/imagePreview/63225367956263/567abf4Screenshot_2016-11-19-11-50-18.png","[Screenshot_2016-11-19-11-50-47.png] https://s3.amazonaws.com/jotformWidgets/imagePreview/63225367956263/20be09dScreenshot_2016-11-19-11-50-47.png",""
"2016-11-19 11:54:24","Hasagamii","19","21965","779","35.5","Instinct","[Screenshot_2016-11-19-11-47-06.png] https://s3.amazonaws.com/jotformWidgets/imagePreview/63225367956263/bee5984Screenshot_2016-11-19-11-47-06.png","[Screenshot_2016-11-19-11-50-24.png] https://s3.amazonaws.com/jotformWidgets/imagePreview/63225367956263/bc61c7aScreenshot_2016-11-19-11-50-24.png","[Screenshot_2016-11-19-11-51-11.png] https://s3.amazonaws.com/jotformWidgets/imagePreview/63225367956263/bc1cfdbScreenshot_2016-11-19-11-51-11.png",""
"2016-11-19 11:54:20","MrTruuper","31","2922927","8074","989.3","Mystic","","","[Screenshot_20161119-114446.png] https://s3.amazonaws.com/jotformWidgets/imagePreview/63225367956263/bb529e6Screenshot_20161119-114446.png",""
"2016-11-19 11:54:04","Pok3Train3rEvan","18","452","471","84.3","Mystic","[IMG_0213.PNG] https://s3.amazonaws.com/jotformWidgets/imagePreview/63225367956263/a856477IMG_0213.PNG","[IMG_0216.PNG] https://s3.amazonaws.com/jotformWidgets/imagePreview/63225367956263/a41c2f9IMG_0216.PNG","[IMG_0215.PNG] https://s3.amazonaws.com/jotformWidgets/imagePreview/63225367956263/a365431IMG_0215.PNG",""
"2016-11-19 11:53:59","FenceHayward","29","31520","4795","248.2","Valor","[IMG_1315.PNG] https://s3.amazonaws.com/jotformWidgets/imagePreview/63225367956263/a51aab8IMG_1315.PNG","[IMG_1317.PNG] https://s3.amazonaws.com/jotformWidgets/imagePreview/63225367956263/a09f32aIMG_1317.PNG","[IMG_1316.PNG] https://s3.amazonaws.com/jotformWidgets/imagePreview/63225367956263/a08a4f0IMG_1316.PNG",""
"2016-11-19 11:53:57","MitchMan91","30","326302","7209","499.7","Mystic","[image.png] https://s3.amazonaws.com/jotformWidgets/imagePreview/63225367956263/a2abb41image.png","[image.png] https://s3.amazonaws.com/jotformWidgets/imagePreview/63225367956263/9f33c43image.png","[image.png] https://s3.amazonaws.com/jotformWidgets/imagePreview/63225367956263/a0629c1image.png",""
"2016-11-19 11:53:49","JakeDude23","12","2973","208","5.6","Valor","[IMG_0013.PNG] https://s3.amazonaws.com/jotformWidgets/imagePreview/63225367956263/9baa701IMG_0013.PNG","[IMG_0014.PNG] https://s3.amazonaws.com/jotformWidgets/imagePreview/63225367956263/9b987eeIMG_0014.PNG","[IMG_0015.PNG] https://s3.amazonaws.com/jotformWidgets/imagePreview/63225367956263/9b80819IMG_0015.PNG",""
"2016-11-19 11:52:40","Apohcalypse","30","114657","6746","404.3","Mystic","[Screenshot_20161119-114712.png] https://s3.amazonaws.com/jotformWidgets/imagePreview/63225367956263/56e471cScreenshot_20161119-114712.png","[Screenshot_20161119-114505.png] https://s3.amazonaws.com/jotformWidgets/imagePreview/63225367956263/56a4385Screenshot_20161119-114505.png","[Screenshot_20161119-114816.png] https://s3.amazonaws.com/jotformWidgets/imagePreview/63225367956263/568cec0Screenshot_20161119-114816.png",""
"2016-11-19 11:52:11","EmilieAndJakob","25","138131","2378","282.8","Valor","[IMG_1942.PNG] https://s3.amazonaws.com/jotformWidgets/imagePreview/63225367956263/3a51c6eIMG_1942.PNG","[IMG_1943.PNG] https://s3.amazonaws.com/jotformWidgets/imagePreview/63225367956263/391458eIMG_1943.PNG","[IMG_1944.PNG] https://s3.amazonaws.com/jotformWidgets/imagePreview/63225367956263/39baaffIMG_1944.PNG",""
"2016-11-19 11:51:31","floatingsumaru","33","510356","8492","845.4","Mystic","[image.png] https://s3.amazonaws.com/jotformWidgets/imagePreview/63225367956263/12487c3image.png","[image.png] https://s3.amazonaws.com/jotformWidgets/imagePreview/63225367956263/0fe39ceimage.png","[image.png] https://s3.amazonaws.com/jotformWidgets/imagePreview/63225367956263/0dbeedbimage.png",""
"2016-11-19 11:51:20","Massiec77 ","32","144313","7173","582.5","Instinct","[Screenshot_20161119-114951.png] https://s3.amazonaws.com/jotformWidgets/imagePreview/63225367956263/f598827Screenshot_20161119-114951.png","[Screenshot_20161119-114940.png] https://s3.amazonaws.com/jotformWidgets/imagePreview/63225367956263/0420db1Screenshot_20161119-114940.png","",""
"2016-11-19 11:51:11","Jblanchet26","21","303614","766","50.4","Instinct","[Screenshot_2016-11-19-11-16-10.png] https://s3.amazonaws.com/jotformWidgets/imagePreview/63225367956263/2d1e2f1Screenshot_2016-11-19-11-16-10.png","[Screenshot_2016-11-19-11-15-59.png] https://s3.amazonaws.com/jotformWidgets/imagePreview/63225367956263/3927a38Screenshot_2016-11-19-11-15-59.png","[Screenshot_2016-11-19-11-15-50.png] https://s3.amazonaws.com/jotformWidgets/imagePreview/63225367956263/3c53df9Screenshot_2016-11-19-11-15-50.png",""
"2016-11-19 11:51:06","Troycomeau25","25","878646","2235","524.5","Mystic","[IMG_1264.PNG] https://s3.amazonaws.com/jotformWidgets/imagePreview/63225367956263/f8ef529IMG_1264.PNG","[IMG_1265.PNG] https://s3.amazonaws.com/jotformWidgets/imagePreview/63225367956263/f647576IMG_1265.PNG","[IMG_1266.PNG] https://s3.amazonaws.com/jotformWidgets/imagePreview/63225367956263/f53f968IMG_1266.PNG",""
"2016-11-19 11:51:06","Arasarn","33","3881296","11520","934","Valor","[IMG_0982.PNG] https://s3.amazonaws.com/jotformWidgets/imagePreview/63225367956263/f98a570IMG_0982.PNG","[IMG_0984.PNG] https://s3.amazonaws.com/jotformWidgets/imagePreview/63225367956263/f98ba88IMG_0984.PNG","[IMG_0983.PNG] https://s3.amazonaws.com/jotformWidgets/imagePreview/63225367956263/f924adfIMG_0983.PNG",""
"2016-11-19 11:50:50","Poshiriak","27","1195849","2710","433.2","Mystic","[IMG_0625.PNG] https://s3.amazonaws.com/jotformWidgets/imagePreview/63225367956263/e8c5bb8IMG_0625.PNG","[IMG_0626.PNG] https://s3.amazonaws.com/jotformWidgets/imagePreview/63225367956263/e55f368IMG_0626.PNG","[IMG_0627.PNG] https://s3.amazonaws.com/jotformWidgets/imagePreview/63225367956263/e55c68dIMG_0627.PNG",""
"2016-11-19 11:50:45","Shaydekitty","27","1283515","3650","464.2","Instinct","[Screenshot_20161118-223102.png] https://s3.amazonaws.com/jotformWidgets/imagePreview/63225367956263/e21e055Screenshot_20161118-223102.png","[Screenshot_20161118-223118.png] https://s3.amazonaws.com/jotformWidgets/imagePreview/63225367956263/e451c8fScreenshot_20161118-223118.png","[Screenshot_20161118-223111.png] https://s3.amazonaws.com/jotformWidgets/imagePreview/63225367956263/e1d2732Screenshot_20161118-223111.png",""
"2016-11-19 11:50:42","Xlilika","24","688709","1994","284.9","Valor","[IMG_1939.PNG] https://s3.amazonaws.com/jotformWidgets/imagePreview/63225367956263/e14d22dIMG_1939.PNG","[IMG_1940.PNG] https://s3.amazonaws.com/jotformWidgets/imagePreview/63225367956263/d8883deIMG_1940.PNG","",""
"2016-11-19 11:50:30","xKieranxx","22","80997","1265","101.8","Valor","[IMG_0718.PNG] https://s3.amazonaws.com/jotformWidgets/imagePreview/63225367956263/a4e4edcIMG_0718.PNG","[IMG_0717.PNG] https://s3.amazonaws.com/jotformWidgets/imagePreview/63225367956263/b0e212cIMG_0717.PNG","[IMG_0716.PNG] https://s3.amazonaws.com/jotformWidgets/imagePreview/63225367956263/bfd7c28IMG_0716.PNG",""
"2016-11-19 11:50:13","Greatestrondini","29","1673108","4483","416.2","Valor","","","[Screenshot_20161119-113027.png] https://s3.amazonaws.com/jotformWidgets/imagePreview/63225367956263/c446912Screenshot_20161119-113027.png",""
"2016-11-19 11:50:11","SimplyMoxie","37","10690156","26067","1619.7","Mystic","[Screenshot_20161119-114904.png] https://s3.amazonaws.com/jotformWidgets/imagePreview/63225367956263/a92c185Screenshot_20161119-114904.png","[Screenshot_20161119-114910.png] https://s3.amazonaws.com/jotformWidgets/imagePreview/63225367956263/c1a1ddfScreenshot_20161119-114910.png","[Screenshot_20161119-114918.png] https://s3.amazonaws.com/jotformWidgets/imagePreview/63225367956263/c1e3f5bScreenshot_20161119-114918.png",""
"2016-11-19 11:49:48","nenyy07","22","415230","3792","93.8","Instinct","[Screenshot_20161119-114640.png] https://s3.amazonaws.com/jotformWidgets/imagePreview/63225367956263/ab2e880Screenshot_20161119-114640.png","[Screenshot_20161119-114651.png] https://s3.amazonaws.com/jotformWidgets/imagePreview/63225367956263/aa18a07Screenshot_20161119-114651.png","[Screenshot_20161119-114708.png] https://s3.amazonaws.com/jotformWidgets/imagePreview/63225367956263/a8427b2Screenshot_20161119-114708.png",""
"2016-11-19 11:49:32","DragonGirl11","24","587855","1886","169.1","Mystic","[Screenshot_2016-11-19-11-47-44.png] https://s3.amazonaws.com/jotformWidgets/imagePreview/63225367956263/928c030Screenshot_2016-11-19-11-47-44.png","[Screenshot_2016-11-19-11-48-04.png] https://s3.amazonaws.com/jotformWidgets/imagePreview/63225367956263/8567841Screenshot_2016-11-19-11-48-04.png","[Screenshot_2016-11-19-11-47-49.png] https://s3.amazonaws.com/jotformWidgets/imagePreview/63225367956263/8a01671Screenshot_2016-11-19-11-47-49.png",""
"2016-11-19 11:49:00","MyosotisVerbena","26","953061","2750","330.86","Valor","[Pokémon GO_2016-11-19-11-24-58.png] https://s3.amazonaws.com/jotformWidgets/imagePreview/63225367956263/7b18454Pok%C3%A9mon%20GO_2016-11-19-11-24-58.png","[Pokémon GO_2016-11-19-11-25-07.png] https://s3.amazonaws.com/jotformWidgets/imagePreview/63225367956263/791b6c7Pok%C3%A9mon%20GO_2016-11-19-11-25-07.png","[Pokémon GO_2016-11-19-11-25-17.png] https://s3.amazonaws.com/jotformWidgets/imagePreview/63225367956263/c95f8ecPok%C3%A9mon%20GO_2016-11-19-11-25-17.png",""
"2016-11-19 11:48:45","OrShiro","15","110700","349","43","Mystic","[Screenshot_20161119-114608.png] https://s3.amazonaws.com/jotformWidgets/imagePreview/63225367956263/6bc6cd6Screenshot_20161119-114608.png","[Screenshot_20161119-114644.png] https://s3.amazonaws.com/jotformWidgets/imagePreview/63225367956263/6b5311fScreenshot_20161119-114644.png","[Screenshot_20161119-114628.png] https://s3.amazonaws.com/jotformWidgets/imagePreview/63225367956263/6b4e38dScreenshot_20161119-114628.png",""
"2016-11-19 11:48:42","Azuragami","26","945814","2845","232.2","Instinct","[Capture+_2016-11-19-11-22-44.png] https://s3.amazonaws.com/jotformWidgets/imagePreview/63225367956263/fc48768Capture%2B_2016-11-19-11-22-44.png","[Capture+_2016-11-19-11-22-17.png] https://s3.amazonaws.com/jotformWidgets/imagePreview/63225367956263/ff36e79Capture%2B_2016-11-19-11-22-17.png","[Capture+_2016-11-19-11-22-25.png] https://s3.amazonaws.com/jotformWidgets/imagePreview/63225367956263/043ad28Capture%2B_2016-11-19-11-22-25.png",""
"2016-11-19 11:48:42","RubiesRRed","34","89664","12984","1151","Valor","[IMG_1273.PNG] https://s3.amazonaws.com/jotformWidgets/imagePreview/63225367956263/32218e9IMG_1273.PNG","[IMG_1272.PNG] https://s3.amazonaws.com/jotformWidgets/imagePreview/63225367956263/4690fe5IMG_1272.PNG","[IMG_1270.PNG] https://s3.amazonaws.com/jotformWidgets/imagePreview/63225367956263/576aca9IMG_1270.PNG",""
"2016-11-19 11:48:38","ItsConnorx","23","81284","1651","175.2","Valor","[IMG_1070.PNG] https://s3.amazonaws.com/jotformWidgets/imagePreview/63225367956263/6565173IMG_1070.PNG","[IMG_1071.PNG] https://s3.amazonaws.com/jotformWidgets/imagePreview/63225367956263/64d5f5bIMG_1071.PNG","[IMG_1072.PNG] https://s3.amazonaws.com/jotformWidgets/imagePreview/63225367956263/64a9656IMG_1072.PNG",""
"2016-11-19 11:48:35","Hbat10","24","38465","2091","186.1","Mystic","","","",""
"2016-11-19 11:47:51","svCruz","35","6417638","20647","1272.6","Instinct","[image.jpg] https://s3.amazonaws.com/jotformWidgets/imagePreview/63225367956263/2f6b68bimage.jpg","[image.jpg] https://s3.amazonaws.com/jotformWidgets/imagePreview/63225367956263/2f5aeabimage.jpg","[image.jpg] https://s3.amazonaws.com/jotformWidgets/imagePreview/63225367956263/2f48370image.jpg",""
"2016-11-19 11:47:49","Elracx","34","4804988","11535","888.3","Mystic","[Screenshot_20161119-114435.png] https://s3.amazonaws.com/jotformWidgets/imagePreview/63225367956263/03ec803Screenshot_20161119-114435.png","[Screenshot_20161119-114450.png] https://s3.amazonaws.com/jotformWidgets/imagePreview/63225367956263/174517fScreenshot_20161119-114450.png","[Screenshot_20161119-114458.png] https://s3.amazonaws.com/jotformWidgets/imagePreview/63225367956263/2d64946Screenshot_20161119-114458.png",""
"2016-11-19 11:47:26","Jer02","30","2074866","5947","1073.7","Instinct","[IMG_1045.PNG] https://s3.amazonaws.com/jotformWidgets/imagePreview/63225367956263/1c3675dIMG_1045.PNG","[IMG_1046.PNG] https://s3.amazonaws.com/jotformWidgets/imagePreview/63225367956263/1b6994eIMG_1046.PNG","[IMG_1047.PNG] https://s3.amazonaws.com/jotformWidgets/imagePreview/63225367956263/18c8207IMG_1047.PNG",""
"2016-11-19 11:47:02","Peetarded","36","7592429","20004","1250.6","Valor","[IMG_6061.PNG] https://s3.amazonaws.com/jotformWidgets/imagePreview/63225367956263/056c9c5IMG_6061.PNG","[IMG_6059.PNG] https://s3.amazonaws.com/jotformWidgets/imagePreview/63225367956263/052966eIMG_6059.PNG","[IMG_6060.PNG] https://s3.amazonaws.com/jotformWidgets/imagePreview/63225367956263/05195f1IMG_6060.PNG",""
"2016-11-19 11:46:51","Stephanie870","26","965854","3291","306.2","Valor","[IMG_1164.PNG] https://s3.amazonaws.com/jotformWidgets/imagePreview/63225367956263/f9b6741IMG_1164.PNG","[IMG_1158.PNG] https://s3.amazonaws.com/jotformWidgets/imagePreview/63225367956263/f9c2409IMG_1158.PNG","[IMG_1162.PNG] https://s3.amazonaws.com/jotformWidgets/imagePreview/63225367956263/f958f97IMG_1162.PNG",""
"2016-11-19 11:45:12","Troutpoo1","26","1073970","3652","374.5","Valor","[IMG_1235.PNG] https://s3.amazonaws.com/jotformWidgets/imagePreview/63225367956263/976ef4dIMG_1235.PNG","[IMG_1236.PNG] https://s3.amazonaws.com/jotformWidgets/imagePreview/63225367956263/97bb4f8IMG_1236.PNG","[IMG_1238.PNG] https://s3.amazonaws.com/jotformWidgets/imagePreview/63225367956263/9710d34IMG_1238.PNG",""
"2016-11-19 11:43:57","Legacy15","29","48415","3885","377.5","Valor","","","",""
