Submission Date,Username,Level,Team,Total XP,Your XP Screenshot:,No Label,Collector Badge,Your Collector Badge Screenshot:,No Label 2,Jogger Badge,Your Jogger Badge Screenshot:,No Label 3,IP,Submission ID,Edit Link
2017-09-16 11:43:07,Vandermear,35,Mystic,220433,[Capture+_2017-09-16-11-41-01.png] https://www.jotform.com/widget-uploads/imagePreview/72524315119249/89a70b9Capture%2B_2017-09-16-11-41-01.png,,12154,[Capture+_2017-09-16-11-41-20.png] https://www.jotform.com/widget-uploads/imagePreview/72524315119249/8853626Capture%2B_2017-09-16-11-41-20.png,,1120.4,[Capture+_2017-09-16-11-41-11.png] https://www.jotform.com/widget-uploads/imagePreview/72524315119249/893f061Capture%2B_2017-09-16-11-41-11.png,,184.151.246.254,3813857874526500796,Edit Submission
2017-09-16 11:46:30,JeDyTy,33,Valor,3769813,[IMG_3472.PNG] https://www.jotform.com/widget-uploads/imagePreview/72524315119249/19ef622IMG_3472.PNG,,7885,[IMG_3470.PNG] https://www.jotform.com/widget-uploads/imagePreview/72524315119249/20aa440IMG_3470.PNG,,1037.7,[IMG_3469.PNG] https://www.jotform.com/widget-uploads/imagePreview/72524315119249/4d2f9f5IMG_3469.PNG,,142.169.78.63,3813859903683229676,Edit Submission
2017-09-16 11:47:41,JPVF2016,38,Valor,2563030,[IMG_2166.PNG] https://www.jotform.com/widget-uploads/imagePreview/72524315119249/9ccd940IMG_2166.PNG,,35742,[IMG_2168.PNG] https://www.jotform.com/widget-uploads/imagePreview/72524315119249/9b87145IMG_2168.PNG,,3355.5,[IMG_2167.PNG] https://www.jotform.com/widget-uploads/imagePreview/72524315119249/9b80520IMG_2167.PNG,,24.114.84.19,3813860619141698429,Edit Submission
2017-09-16 11:48:35,JenBeeEh,26,Mystic,52240,[Screenshot_20170916-114657.png] https://www.jotform.com/widget-uploads/imagePreview/72524315119249/d1f05c7Screenshot_20170916-114657.png,,1854,[Screenshot_20170916-114803.png] https://www.jotform.com/widget-uploads/imagePreview/72524315119249/d237bd6Screenshot_20170916-114803.png,,176.8,[Screenshot_20170916-114736.png] https://www.jotform.com/widget-uploads/imagePreview/72524315119249/d19ad4dScreenshot_20170916-114736.png,,24.114.106.129,3813861159212503810,Edit Submission
2017-09-16 11:48:54,WingZero,40,Mystic,39724125,[IMG_4886.PNG] https://www.jotform.com/widget-uploads/imagePreview/72524315119249/af025c3IMG_4886.PNG,,71056,[IMG_4887.PNG] https://www.jotform.com/widget-uploads/imagePreview/72524315119249/c409356IMG_4887.PNG,,2753.9,[IMG_4888.PNG] https://www.jotform.com/widget-uploads/imagePreview/72524315119249/d456997IMG_4888.PNG,,24.114.83.121,3813861341216144105,Edit Submission
2017-09-16 11:49:20,DivineEsper,40,Mystic,20416255,[Screenshot_20170916-114743.png] https://www.jotform.com/widget-uploads/imagePreview/72524315119249/fe9be57Screenshot_20170916-114743.png,,41144,[Screenshot_20170916-114832.png] https://www.jotform.com/widget-uploads/imagePreview/72524315119249/fe619a7Screenshot_20170916-114832.png,,4168.7,[Screenshot_20170916-114852.png] https://www.jotform.com/widget-uploads/imagePreview/72524315119249/fe25e98Screenshot_20170916-114852.png,,204.48.79.217,3813861607122814833,Edit Submission
2017-09-16 11:49:20,Likejagger5,34,Valor,883991,[Capture+_2017-09-16-11-47-11.png] https://www.jotform.com/widget-uploads/imagePreview/72524315119249/c80d16fCapture%2B_2017-09-16-11-47-11.png,,12788,[Capture+_2017-09-16-11-47-26.png] https://www.jotform.com/widget-uploads/imagePreview/72524315119249/e20b2b4Capture%2B_2017-09-16-11-47-26.png,,1531.1,[Capture+_2017-09-16-11-47-40.png] https://www.jotform.com/widget-uploads/imagePreview/72524315119249/f87c1e8Capture%2B_2017-09-16-11-47-40.png,,184.151.246.32,3813861602369785587,Edit Submission
2017-09-16 11:49:25,Alemk079,30,Valor,2489193,[IMG_0881.PNG] https://www.jotform.com/widget-uploads/imagePreview/72524315119249/03e15f7IMG_0881.PNG,,3641,[IMG_0882.PNG] https://www.jotform.com/widget-uploads/imagePreview/72524315119249/03f0a27IMG_0882.PNG,,295,[IMG_0884.PNG] https://www.jotform.com/widget-uploads/imagePreview/72524315119249/03711ccIMG_0884.PNG,,24.114.87.90,3813861650976939759,Edit Submission
2017-09-16 11:49:27,Arasarn,40,Valor,28397411,[IMG_3708.PNG] https://www.jotform.com/widget-uploads/imagePreview/72524315119249/06ba1bdIMG_3708.PNG,,54249,[IMG_3709.PNG] https://www.jotform.com/widget-uploads/imagePreview/72524315119249/060c246IMG_3709.PNG,,3787.1,[IMG_3710.PNG] https://www.jotform.com/widget-uploads/imagePreview/72524315119249/05ec174IMG_3710.PNG,,204.48.78.50,3813861670586783852,Edit Submission
2017-09-16 11:49:47,Tyrmpatt,38,Instinct,12029565,[Screenshot_2017-09-16-11-46-02.png] https://www.jotform.com/widget-uploads/imagePreview/72524315119249/1a200e5Screenshot_2017-09-16-11-46-02.png,,20252,[Screenshot_2017-09-16-11-46-37.png] https://www.jotform.com/widget-uploads/imagePreview/72524315119249/1a034f7Screenshot_2017-09-16-11-46-37.png,,1995.6,[Screenshot_2017-09-16-11-46-28.png] https://www.jotform.com/widget-uploads/imagePreview/72524315119249/19e18edScreenshot_2017-09-16-11-46-28.png,,199.119.233.195,3813861875911557642,Edit Submission
2017-09-16 11:49:50,monklilly,39,Mystic,3621858,[Screenshot_20170916-114812.png] https://www.jotform.com/widget-uploads/imagePreview/72524315119249/1cf0537Screenshot_20170916-114812.png,,30765,[Screenshot_20170916-114822.png] https://www.jotform.com/widget-uploads/imagePreview/72524315119249/1cc96f6Screenshot_20170916-114822.png,,4426.9,[Screenshot_20170916-114829.png] https://www.jotform.com/widget-uploads/imagePreview/72524315119249/1ca05a7Screenshot_20170916-114829.png,,142.169.78.79,3813861909782955029,Edit Submission
2017-09-16 11:50:03,GarethMzi,34,Valor,5990991,[IMG_2107.PNG] https://www.jotform.com/widget-uploads/imagePreview/72524315119249/295368bIMG_2107.PNG,,11959,[IMG_2108.PNG] https://www.jotform.com/widget-uploads/imagePreview/72524315119249/29533a9IMG_2108.PNG,,3328.8,[IMG_2109.PNG] https://www.jotform.com/widget-uploads/imagePreview/72524315119249/295018dIMG_2109.PNG,,184.151.246.77,3813862037768388025,Edit Submission
2017-09-16 11:50:12,kajann,34,Valor,5076723,[Screenshot_2017-09-16-11-46-43.png] https://www.jotform.com/widget-uploads/imagePreview/72524315119249/33c1245Screenshot_2017-09-16-11-46-43.png,,8449,[Screenshot_2017-09-16-11-48-33.png] https://www.jotform.com/widget-uploads/imagePreview/72524315119249/339a55eScreenshot_2017-09-16-11-48-33.png,,1187.1,[Screenshot_2017-09-16-11-49-27.png] https://www.jotform.com/widget-uploads/imagePreview/72524315119249/33ae869Screenshot_2017-09-16-11-49-27.png,,24.114.109.44,3813862124497898225,Edit Submission
2017-09-16 11:50:12,CavM89,28,Mystic,144131,[Screenshot_2017-09-16-11-46-26.png] https://www.jotform.com/widget-uploads/imagePreview/72524315119249/1af3a76Screenshot_2017-09-16-11-46-26.png,,3497,[Screenshot_2017-09-16-11-47-04.png] https://www.jotform.com/widget-uploads/imagePreview/72524315119249/2055bc9Screenshot_2017-09-16-11-47-04.png,,496.1,[Screenshot_2017-09-16-11-47-47.png] https://www.jotform.com/widget-uploads/imagePreview/72524315119249/237ec01Screenshot_2017-09-16-11-47-47.png,,24.114.102.122,3813862112216099575,Edit Submission
2017-09-16 11:50:30,Xolgren,34,Instinct,5702393,[IMG_0673.PNG] https://www.jotform.com/widget-uploads/imagePreview/72524315119249/247b285IMG_0673.PNG,,7463,[IMG_0674.PNG] https://www.jotform.com/widget-uploads/imagePreview/72524315119249/45f0fcfIMG_0674.PNG,,589.1,[IMG_0675.PNG] https://www.jotform.com/widget-uploads/imagePreview/72524315119249/45df489IMG_0675.PNG,,184.151.246.5,3813862305641998312,Edit Submission
2017-09-16 11:50:35,Ohhiderr,20,Instinct,30453,[Screenshot_2017-09-16-11-47-47.png] https://www.jotform.com/widget-uploads/imagePreview/72524315119249/4a3f11cScreenshot_2017-09-16-11-47-47.png,,490,[Screenshot_2017-09-16-11-49-35.png] https://www.jotform.com/widget-uploads/imagePreview/72524315119249/47ea401Screenshot_2017-09-16-11-49-35.png,,74.5,[Screenshot_2017-09-16-11-50-01.png] https://www.jotform.com/widget-uploads/imagePreview/72524315119249/476d60aScreenshot_2017-09-16-11-50-01.png,,199.7.157.124,3813862354212548659,Edit Submission
2017-09-16 11:50:41,TifamarooRise,56,Valor,8169047,[IMG_4730.PNG] https://www.jotform.com/widget-uploads/imagePreview/72524315119249/509b155IMG_4730.PNG,,20880,[IMG_4731.PNG] https://www.jotform.com/widget-uploads/imagePreview/72524315119249/50b414aIMG_4731.PNG,,1930.3,[IMG_4732.PNG] https://www.jotform.com/widget-uploads/imagePreview/72524315119249/50c9ed7IMG_4732.PNG,,24.114.101.4,3813862414107794974,Edit Submission
2017-09-16 11:50:41,Emboric,28,Valor,,[IMG_1413.PNG] https://www.jotform.com/widget-uploads/imagePreview/72524315119249/50172f7IMG_1413.PNG,,,[IMG_1414.PNG] https://www.jotform.com/widget-uploads/imagePreview/72524315119249/4cb5468IMG_1414.PNG,,,[IMG_1415.PNG] https://www.jotform.com/widget-uploads/imagePreview/72524315119249/4cab451IMG_1415.PNG,,184.151.246.130,3813862410319057979,Edit Submission
2017-09-16 11:50:47,Newfinator,25,Mystic,773846,[Screenshot_20170916-114804.png] https://www.jotform.com/widget-uploads/imagePreview/72524315119249/44a9c11Screenshot_20170916-114804.png,,1390,[Screenshot_20170916-114907.png] https://www.jotform.com/widget-uploads/imagePreview/72524315119249/4ab114cScreenshot_20170916-114907.png,,180.6,[Screenshot_20170916-114951.png] https://www.jotform.com/widget-uploads/imagePreview/72524315119249/56efafaScreenshot_20170916-114951.png,,199.119.233.159,3813862479517024490,Edit Submission
2017-09-16 11:50:49,herbedtoyz,32,Instinct,3104145,[Capture+_2017-09-16-11-47-30.png] https://www.jotform.com/widget-uploads/imagePreview/72524315119249/5898df6Capture%2B_2017-09-16-11-47-30.png,,4555,[Capture+_2017-09-16-11-48-13.png] https://www.jotform.com/widget-uploads/imagePreview/72524315119249/55e1757Capture%2B_2017-09-16-11-48-13.png,,395.5,[Capture+_2017-09-16-11-47-40.png] https://www.jotform.com/widget-uploads/imagePreview/72524315119249/5549c02Capture%2B_2017-09-16-11-47-40.png,,72.143.211.95,3813862495915439627,Edit Submission
2017-09-16 11:50:49,TrainerWoods,34,Valor,455643,[IMG_5568.PNG] https://www.jotform.com/widget-uploads/imagePreview/72524315119249/57b088dIMG_5568.PNG,,9080,[IMG_5569.PNG] https://www.jotform.com/widget-uploads/imagePreview/72524315119249/5709e13IMG_5569.PNG,,1309.9,[IMG_5570.PNG] https://www.jotform.com/widget-uploads/imagePreview/72524315119249/572c2a4IMG_5570.PNG,,24.114.87.44,3813862484473021757,Edit Submission
2017-09-16 11:50:53,Avier1980,33,Valor,4723447,[IMG_7259.PNG] https://www.jotform.com/widget-uploads/imagePreview/72524315119249/5c50509IMG_7259.PNG,,7950,[IMG_7260.PNG] https://www.jotform.com/widget-uploads/imagePreview/72524315119249/5c558c6IMG_7260.PNG,,582,[IMG_7261.PNG] https://www.jotform.com/widget-uploads/imagePreview/72524315119249/5c1fcdbIMG_7261.PNG,,24.114.106.117,3813862537117707373,Edit Submission
2017-09-16 11:51:01,Weffey,34,Instinct,5656294,[Screenshot_20170916-114715.png] https://www.jotform.com/widget-uploads/imagePreview/72524315119249/8f4a4ebScreenshot_20170916-114715.png,,9457,[Screenshot_20170916-114822.png] https://www.jotform.com/widget-uploads/imagePreview/72524315119249/4f3d3daScreenshot_20170916-114822.png,,978.7,[Screenshot_20170916-114911.png] https://www.jotform.com/widget-uploads/imagePreview/72524315119249/606f496Screenshot_20170916-114911.png,,72.143.211.157,3813862617511900556,Edit Submission
2017-09-16 11:51:09,Poustafiolle,39,Instinct,4865132,[Screenshot_2017-09-16-11-45-15.png] https://www.jotform.com/widget-uploads/imagePreview/72524315119249/4e68850Screenshot_2017-09-16-11-45-15.png,,34003,[Screenshot_2017-09-16-11-45-41.png] https://www.jotform.com/widget-uploads/imagePreview/72524315119249/5622347Screenshot_2017-09-16-11-45-41.png,,3633.1,[Screenshot_2017-09-16-11-45-30.png] https://www.jotform.com/widget-uploads/imagePreview/72524315119249/59267a9Screenshot_2017-09-16-11-45-30.png,,184.151.246.107,3813862697015929510,Edit Submission
2017-09-16 11:51:12,MiniDreighton,16,Mystic,8750,[Screenshot_2017-09-16-11-49-38.png] https://www.jotform.com/widget-uploads/imagePreview/72524315119249/6fa4114Screenshot_2017-09-16-11-49-38.png,,309,[Screenshot_2017-09-16-11-50-22.png] https://www.jotform.com/widget-uploads/imagePreview/72524315119249/6ea8f4cScreenshot_2017-09-16-11-50-22.png,,24,[Screenshot_2017-09-16-11-50-16.png] https://www.jotform.com/widget-uploads/imagePreview/72524315119249/6eb94a1Screenshot_2017-09-16-11-50-16.png,,24.114.105.52,3813862722552462680,Edit Submission
2017-09-16 11:51:27,Sammylee26,30,Instinct,8591549,[Screenshot_20170916-114827.png] https://www.jotform.com/widget-uploads/imagePreview/72524315119249/7ea70b2Screenshot_20170916-114827.png,,13988,[Screenshot_20170916-114937.png] https://www.jotform.com/widget-uploads/imagePreview/72524315119249/7e90c10Screenshot_20170916-114937.png,,1082,[Screenshot_20170916-115015.png] https://www.jotform.com/widget-uploads/imagePreview/72524315119249/7eb2facScreenshot_20170916-115015.png,,184.151.111.86,3813862876812883745,Edit Submission
2017-09-16 11:51:34,Dreightongames,26,Mystic,29713,[Screenshot_20170916-114903.png] https://www.jotform.com/widget-uploads/imagePreview/72524315119249/84f0968Screenshot_20170916-114903.png,,1729,[Screenshot_20170916-115028.png] https://www.jotform.com/widget-uploads/imagePreview/72524315119249/84b38fcScreenshot_20170916-115028.png,,336.1,[Screenshot_20170916-115034.png] https://www.jotform.com/widget-uploads/imagePreview/72524315119249/84ced8cScreenshot_20170916-115034.png,,24.114.100.174,3813862944713951567,Edit Submission
2017-09-16 11:51:39,Hvyd3834,37,Instinct,10191807,[IMG_0003.PNG] https://www.jotform.com/widget-uploads/imagePreview/72524315119249/38b5b5cIMG_0003.PNG,,17839,[IMG_0004.PNG] https://www.jotform.com/widget-uploads/imagePreview/72524315119249/815e877IMG_0004.PNG,,,,,184.151.114.41,3813862981448482077,Edit Submission
2017-09-16 11:52:06,VriskaBlue,33,Valor,142205,[IMG_0709.PNG] https://www.jotform.com/widget-uploads/imagePreview/72524315119249/503c85fIMG_0709.PNG,,7252,[IMG_0710.PNG] https://www.jotform.com/widget-uploads/imagePreview/72524315119249/70beceeIMG_0710.PNG,,952.3,[IMG_0711.PNG] https://www.jotform.com/widget-uploads/imagePreview/72524315119249/95e05d7IMG_0711.PNG,,24.114.81.136,3813863266318529195,Edit Submission
2017-09-16 11:52:20,SheIs84,39,Instinct,4843688,[IMG_5710.PNG] https://www.jotform.com/widget-uploads/imagePreview/72524315119249/b353d4bIMG_5710.PNG,,39687,[IMG_5709.PNG] https://www.jotform.com/widget-uploads/imagePreview/72524315119249/b3053caIMG_5709.PNG,,3768,[IMG_5708.PNG] https://www.jotform.com/widget-uploads/imagePreview/72524315119249/b30fd54IMG_5708.PNG,,24.114.103.243,3813863403427502146,Edit Submission
2017-09-16 11:52:51,OinkyBoinky,38,FALSE,1466674,[Screenshot_20170916-114659.png] https://www.jotform.com/widget-uploads/imagePreview/72524315119249/d21f542Screenshot_20170916-114659.png,,,[Screenshot_20170916-114756.png] https://www.jotform.com/widget-uploads/imagePreview/72524315119249/d1c01c5Screenshot_20170916-114756.png,,,[Screenshot_20170916-114737.png] https://www.jotform.com/widget-uploads/imagePreview/72524315119249/d1b00e2Screenshot_20170916-114737.png,,24.114.108.96,3813863716983233776,Edit Submission
2017-09-16 11:52:58,spnarepanda,26,Valor,157496,[Capture+_2017-09-16-11-50-21.png] https://www.jotform.com/widget-uploads/imagePreview/72524315119249/b876769Capture%2B_2017-09-16-11-50-21.png,,1559,[Capture+_2017-09-16-11-50-45.png] https://www.jotform.com/widget-uploads/imagePreview/72524315119249/c888976Capture%2B_2017-09-16-11-50-45.png,,158.9,[Capture+_2017-09-16-11-50-33.png] https://www.jotform.com/widget-uploads/imagePreview/72524315119249/d7d9910Capture%2B_2017-09-16-11-50-33.png,,184.151.246.25,3813863785264896650,Edit Submission
2017-09-16 11:53:32,Hashable,35,Instinct,434903,[Screenshot_20170916-114730.png] https://www.jotform.com/widget-uploads/imagePreview/72524315119249/fb25cfbScreenshot_20170916-114730.png,,14281,[Screenshot_20170916-114821.png] https://www.jotform.com/widget-uploads/imagePreview/72524315119249/fac3107Screenshot_20170916-114821.png,,984.6,[Screenshot_20170916-114830.png] https://www.jotform.com/widget-uploads/imagePreview/72524315119249/fa71a1dScreenshot_20170916-114830.png,,142.169.78.186,3813864126812257914,Edit Submission
2017-09-16 11:53:45,Ctuquoi,37,Valor,523464,[Screenshot_20170916-115042.png] https://www.jotform.com/widget-uploads/imagePreview/72524315119249/06cc41eScreenshot_20170916-115042.png,,,[Screenshot_20170916-115249.png] https://www.jotform.com/widget-uploads/imagePreview/72524315119249/06a7f6eScreenshot_20170916-115249.png,,,[Screenshot_20170916-115235.png] https://www.jotform.com/widget-uploads/imagePreview/72524315119249/06a4339Screenshot_20170916-115235.png,,24.114.111.57,3813864257514775463,Edit Submission
2017-09-16 11:54:17,Jaco9340,31,Valor,237866,[Screenshot_20170916-115202.png] https://www.jotform.com/widget-uploads/imagePreview/72524315119249/2846316Screenshot_20170916-115202.png,,4676,[Screenshot_20170916-115240.png] https://www.jotform.com/widget-uploads/imagePreview/72524315119249/28381eaScreenshot_20170916-115240.png,,528.5,[Screenshot_20170916-115210.png] https://www.jotform.com/widget-uploads/imagePreview/72524315119249/281f288Screenshot_20170916-115210.png,,184.151.246.38,3813864578369835704,Edit Submission
2017-09-16 11:54:22,Nicky226,36,Valor,9488913,[IMG_0987.PNG] https://www.jotform.com/widget-uploads/imagePreview/72524315119249/2d2b0e5IMG_0987.PNG,,15571,[IMG_0988.PNG] https://www.jotform.com/widget-uploads/imagePreview/72524315119249/2c96eeeIMG_0988.PNG,,1639.4,[IMG_0989.PNG] https://www.jotform.com/widget-uploads/imagePreview/72524315119249/2c54077IMG_0989.PNG,,24.114.91.121,3813864621217588988,Edit Submission
2017-09-16 11:54:26,SimplyMoxie,40,Mystic,77196347,[IMG_0528.PNG] https://www.jotform.com/widget-uploads/imagePreview/72524315119249/3120621IMG_0528.PNG,,125056,[IMG_0530.PNG] https://www.jotform.com/widget-uploads/imagePreview/72524315119249/31257e2IMG_0530.PNG,,4501.3,[IMG_0529.PNG] https://www.jotform.com/widget-uploads/imagePreview/72524315119249/311191fIMG_0529.PNG,,204.48.77.37,3813864667375263062,Edit Submission
2017-09-16 11:54:40,Caldog2009,35,Instinct,6105006,[IMG_0018.PNG] https://www.jotform.com/widget-uploads/imagePreview/72524315119249/3f18bb1IMG_0018.PNG,,9322,[IMG_0020.PNG] https://www.jotform.com/widget-uploads/imagePreview/72524315119249/3f4da59IMG_0020.PNG,,993,[IMG_0019.PNG] https://www.jotform.com/widget-uploads/imagePreview/72524315119249/3ee6e2aIMG_0019.PNG,,184.151.114.41,3813864801447142410,Edit Submission
2017-09-16 11:54:40,613instinct,37,Instinct,10712380,[Screenshot_20170916-115207.png] https://www.jotform.com/widget-uploads/imagePreview/72524315119249/d652c8bScreenshot_20170916-115207.png,,26048,[Screenshot_20170916-115310.png] https://www.jotform.com/widget-uploads/imagePreview/72524315119249/05564ffScreenshot_20170916-115310.png,,812.4,[Screenshot_20170916-115404.png] https://www.jotform.com/widget-uploads/imagePreview/72524315119249/3a10161Screenshot_20170916-115404.png,,184.151.114.41,3813864801444433399,Edit Submission
2017-09-16 11:55:16,ElegantJames,30,Valor,2021111,[Screenshot_20170916-115000.png] https://www.jotform.com/widget-uploads/imagePreview/72524315119249/538ff57Screenshot_20170916-115000.png,,3468,[Screenshot_20170916-115145.png] https://www.jotform.com/widget-uploads/imagePreview/72524315119249/6345f76Screenshot_20170916-115145.png,,319.8,[Screenshot_20170916-115240.png] https://www.jotform.com/widget-uploads/imagePreview/72524315119249/63330d4Screenshot_20170916-115240.png,,24.114.84.180,3813865160817159741,Edit Submission
2017-09-16 11:55:52,FrankieHokage,34,Valor,1081391,[Capture+_2017-09-16-11-53-46.png] https://www.jotform.com/widget-uploads/imagePreview/72524315119249/57d6321Capture%2B_2017-09-16-11-53-46.png,,13784,[Capture+_2017-09-16-11-54-04.png] https://www.jotform.com/widget-uploads/imagePreview/72524315119249/68a933cCapture%2B_2017-09-16-11-54-04.png,,1603,[Capture+_2017-09-16-11-53-56.png] https://www.jotform.com/widget-uploads/imagePreview/72524315119249/7b2f55dCapture%2B_2017-09-16-11-53-56.png,,184.151.246.29,3813865529265096075,Edit Submission
2017-09-16 11:55:58,Boulevine,40,Instinct,23606497,[Screenshot_2017-09-16-11-53-33.png] https://www.jotform.com/widget-uploads/imagePreview/72524315119249/35a6a43Screenshot_2017-09-16-11-53-33.png,,43976,[Screenshot_2017-09-16-11-53-58.png] https://www.jotform.com/widget-uploads/imagePreview/72524315119249/3ff056eScreenshot_2017-09-16-11-53-58.png,,3121.7,[Screenshot_2017-09-16-11-53-52.png] https://www.jotform.com/widget-uploads/imagePreview/72524315119249/4c3cd70Screenshot_2017-09-16-11-53-52.png,,184.151.111.216,3813865576129294889,Edit Submission
2017-09-16 11:56:15,Shaydekitty,36,Instinct,9351176,[Screenshot_20170916-114359.png] https://www.jotform.com/widget-uploads/imagePreview/72524315119249/9e4ffc4Screenshot_20170916-114359.png,,23226,[Screenshot_20170916-114431.png] https://www.jotform.com/widget-uploads/imagePreview/72524315119249/9e0b483Screenshot_20170916-114431.png,,2406.1,[Screenshot_20170916-114409.png] https://www.jotform.com/widget-uploads/imagePreview/72524315119249/9e17b87Screenshot_20170916-114409.png,,204.48.79.163,3813865753616345274,Edit Submission
2017-09-16 11:56:21,PhoenixAstra,40,Mystic,26013484,[IMG_6545.PNG] https://www.jotform.com/widget-uploads/imagePreview/72524315119249/a3a4f53IMG_6545.PNG,,47062,[IMG_6546.PNG] https://www.jotform.com/widget-uploads/imagePreview/72524315119249/a39a417IMG_6546.PNG,,1851,[IMG_6547.PNG] https://www.jotform.com/widget-uploads/imagePreview/72524315119249/a39a417IMG_6547.PNG,,24.114.82.14,3813865804126250240,Edit Submission
2017-09-16 11:56:22,Infinitrize,40,Instinct,25559257,[Screenshot_20170916-114833.png] https://www.jotform.com/widget-uploads/imagePreview/72524315119249/dfac55cScreenshot_20170916-114833.png,,36200,[Screenshot_20170916-114830.png] https://www.jotform.com/widget-uploads/imagePreview/72524315119249/f3aebccScreenshot_20170916-114830.png,,2885.4,[Screenshot_20170916-114822.png] https://www.jotform.com/widget-uploads/imagePreview/72524315119249/1fe74f7Screenshot_20170916-114822.png,,24.114.94.231,3813865821329478008,Edit Submission
2017-09-16 11:56:22,Stephalofigus,36,Mystic,8605661,[IMG_4631.PNG] https://www.jotform.com/widget-uploads/imagePreview/72524315119249/a56f267IMG_4631.PNG,,20043,[IMG_4632.PNG] https://www.jotform.com/widget-uploads/imagePreview/72524315119249/a5344d5IMG_4632.PNG,,1482.9,[IMG_4633.PNG] https://www.jotform.com/widget-uploads/imagePreview/72524315119249/a51b3ffIMG_4633.PNG,,24.114.83.101,3813865821014876827,Edit Submission
2017-09-16 11:56:38,HeWas85,38,Mystic,2647984,[IMG_3029.PNG] https://www.jotform.com/widget-uploads/imagePreview/72524315119249/b57ab14IMG_3029.PNG,,29713,[IMG_3031.PNG] https://www.jotform.com/widget-uploads/imagePreview/72524315119249/b483cd5IMG_3031.PNG,,24640,[IMG_3030.PNG] https://www.jotform.com/widget-uploads/imagePreview/72524315119249/b48ac62IMG_3030.PNG,,24.114.107.157,3813865987514538188,Edit Submission
2017-09-16 11:56:47,Pinkiiee,40,Mystic,33279600,[IMG_2526.PNG] https://www.jotform.com/widget-uploads/imagePreview/72524315119249/be1d25cIMG_2526.PNG,,48991,[IMG_2525.PNG] https://www.jotform.com/widget-uploads/imagePreview/72524315119249/bd94089IMG_2525.PNG,,1948.4,[IMG_2524.PNG] https://www.jotform.com/widget-uploads/imagePreview/72524315119249/bdabc78IMG_2524.PNG,,204.48.95.222,3813866072223890013,Edit Submission
2017-09-16 11:56:52,TrainerWoodsJR,24,Mystic,144296,[IMG_5571.PNG] https://www.jotform.com/widget-uploads/imagePreview/72524315119249/c2dfed3IMG_5571.PNG,,632,[IMG_5572.PNG] https://www.jotform.com/widget-uploads/imagePreview/72524315119249/c2786bfIMG_5572.PNG,,58,[IMG_5574.PNG] https://www.jotform.com/widget-uploads/imagePreview/72524315119249/c287ef4IMG_5574.PNG,,24.114.87.44,3813866124472589058,Edit Submission
2017-09-16 11:57:08,Apohcalypse,40,Mystic,27710450,[IMG_2584.PNG] https://www.jotform.com/widget-uploads/imagePreview/72524315119249/d36fb47IMG_2584.PNG,,44973,[IMG_2586.PNG] https://www.jotform.com/widget-uploads/imagePreview/72524315119249/d355b4aIMG_2586.PNG,,3269,[IMG_2585.PNG] https://www.jotform.com/widget-uploads/imagePreview/72524315119249/d34a004IMG_2585.PNG,,142.169.78.61,3813866281684875089,Edit Submission
2017-09-16 11:57:35,orenishimo,33,Valor,582882,[Screenshot_20170916-115603.png] https://www.jotform.com/widget-uploads/imagePreview/72524315119249/ee0977aScreenshot_20170916-115603.png,,6912,[Screenshot_20170916-115614.png] https://www.jotform.com/widget-uploads/imagePreview/72524315119249/edf0233Screenshot_20170916-115614.png,,534.4,[Screenshot_20170916-115633.png] https://www.jotform.com/widget-uploads/imagePreview/72524315119249/eddef24Screenshot_20170916-115633.png,,142.169.193.78,3813866548737695583,Edit Submission
2017-09-16 11:58:20,ZrVincent,32,Valor,3281272,[Screenshot_2017-09-16-11-56-02.png] https://www.jotform.com/widget-uploads/imagePreview/72524315119249/1b507b4Screenshot_2017-09-16-11-56-02.png,,6662,[Screenshot_2017-09-16-11-56-16.png] https://www.jotform.com/widget-uploads/imagePreview/72524315119249/1b497c9Screenshot_2017-09-16-11-56-16.png,,426,[Screenshot_2017-09-16-11-56-23.png] https://www.jotform.com/widget-uploads/imagePreview/72524315119249/1b084a7Screenshot_2017-09-16-11-56-23.png,,184.151.246.181,3813867001815690100,Edit Submission
2017-09-16 11:58:26,Rdubya29,35,Valor,518619,,,10003,,,1777.3,[Screenshot_20170916-115725.png] https://www.jotform.com/widget-uploads/imagePreview/72524315119249/0536567Screenshot_20170916-115725.png,,184.151.112.197,3813867067915577711,Edit Submission
2017-09-16 11:58:29,Pinkladybug27,30,Valor,2030681,[Screenshot_20170916-115603.jpg] https://www.jotform.com/widget-uploads/imagePreview/72524315119249/244453eScreenshot_20170916-115603.jpg,,3381,[Screenshot_20170916-115619.jpg] https://www.jotform.com/widget-uploads/imagePreview/72524315119249/2401966Screenshot_20170916-115619.jpg,,276,[Screenshot_20170916-115613.jpg] https://www.jotform.com/widget-uploads/imagePreview/72524315119249/23efde3Screenshot_20170916-115613.jpg,,184.151.127.65,3813867095672257963,Edit Submission
2017-09-16 12:00:27,datasprite12,27,Mystic,133365,[Screenshot_2017-09-16-11-58-56.png] https://www.jotform.com/widget-uploads/imagePreview/72524315119249/99ee7bdScreenshot_2017-09-16-11-58-56.png,,2127,[Screenshot_2017-09-16-11-59-09.png] https://www.jotform.com/widget-uploads/imagePreview/72524315119249/99d4823Screenshot_2017-09-16-11-59-09.png,,349.9,[Screenshot_2017-09-16-11-59-18.png] https://www.jotform.com/widget-uploads/imagePreview/72524315119249/9988baaScreenshot_2017-09-16-11-59-18.png,,24.114.87.104,3813868264011495571,Edit Submission
2017-09-16 12:00:52,Arabian1995,30,Valor,420360,[IMG_2681.PNG] https://www.jotform.com/widget-uploads/imagePreview/72524315119249/b3d251eIMG_2681.PNG,,4445,[IMG_2682.PNG] https://www.jotform.com/widget-uploads/imagePreview/72524315119249/b39fe5eIMG_2682.PNG,,448.8,[IMG_2683.PNG] https://www.jotform.com/widget-uploads/imagePreview/72524315119249/b386860IMG_2683.PNG,,142.169.78.27,3813868527287409753,Edit Submission
2017-09-16 12:01:09,Tanadeau,28,Instinct,194603,[IMG_4526.PNG] https://www.jotform.com/widget-uploads/imagePreview/72524315119249/c3ef482IMG_4526.PNG,,2926,[IMG_4527.PNG] https://www.jotform.com/widget-uploads/imagePreview/72524315119249/c0a2547IMG_4527.PNG,,359.5,[IMG_4528.PNG] https://www.jotform.com/widget-uploads/imagePreview/72524315119249/c0e7a97IMG_4528.PNG,,142.169.78.14,3813868694185905126,Edit Submission
2017-09-16 12:01:26,TopHatDorito,33,Instinct,4092644,[Screenshot_20170916-115931.png] https://www.jotform.com/widget-uploads/imagePreview/72524315119249/d432ce0Screenshot_20170916-115931.png,,8711,[Screenshot_20170916-115940.png] https://www.jotform.com/widget-uploads/imagePreview/72524315119249/d4904f1Screenshot_20170916-115940.png,,948,[Screenshot_20170916-115946.png] https://www.jotform.com/widget-uploads/imagePreview/72524315119249/d3534c3Screenshot_20170916-115946.png,,72.143.211.63,3813868863614128286,Edit Submission
2017-09-16 12:01:30,Yoface168,35,Mystic,721351,[Screenshot_20170916-115918.png] https://www.jotform.com/widget-uploads/imagePreview/72524315119249/832c852Screenshot_20170916-115918.png,,12288,[Screenshot_20170916-115936.png] https://www.jotform.com/widget-uploads/imagePreview/72524315119249/d9cd2aaScreenshot_20170916-115936.png,,1027.1,[Screenshot_20170916-115922.png] https://www.jotform.com/widget-uploads/imagePreview/72524315119249/d94f592Screenshot_20170916-115922.png,,72.143.212.92,3813868902924003333,Edit Submission
2017-09-16 12:01:57,Yettiforgetti,32,Valor,317594,[Screenshot_20170916-120035.png] https://www.jotform.com/widget-uploads/imagePreview/72524315119249/f40d4c4Screenshot_20170916-120035.png,,5651,[Screenshot_20170916-120121.png] https://www.jotform.com/widget-uploads/imagePreview/72524315119249/f3ad168Screenshot_20170916-120121.png,,295,[Screenshot_20170916-120141.png] https://www.jotform.com/widget-uploads/imagePreview/72524315119249/f36f45eScreenshot_20170916-120141.png,,199.119.233.202,3813869172025073684,Edit Submission
2017-09-16 12:02:08,Jaczline,35,Valor,659211,[Capture+_2017-09-16-12-00-07.png] https://www.jotform.com/widget-uploads/imagePreview/72524315119249/c47fa49Capture%2B_2017-09-16-12-00-07.png,,9625,[Capture+_2017-09-16-12-00-18.png] https://www.jotform.com/widget-uploads/imagePreview/72524315119249/dd4156fCapture%2B_2017-09-16-12-00-18.png,,1266.8,[Capture+_2017-09-16-12-00-29.png] https://www.jotform.com/widget-uploads/imagePreview/72524315119249/ff0a333Capture%2B_2017-09-16-12-00-29.png,,184.151.112.215,3813869285129103522,Edit Submission
2017-09-16 12:02:37,Allaire007,24,Valor,579801,[Screenshot_20170916-115840.png] https://www.jotform.com/widget-uploads/imagePreview/72524315119249/1c08cbdScreenshot_20170916-115840.png,,923,[Screenshot_20170916-120111.png] https://www.jotform.com/widget-uploads/imagePreview/72524315119249/1c4b00eScreenshot_20170916-120111.png,,69.2,[Screenshot_20170916-120153.png] https://www.jotform.com/widget-uploads/imagePreview/72524315119249/1bdccd2Screenshot_20170916-120153.png,,184.151.246.228,3813869578222041221,Edit Submission
2017-09-16 12:03:11,PeteuxEnFeu,28,Instinct,1501047,[Screenshot_2017-09-16-11-59-59.png] https://www.jotform.com/widget-uploads/imagePreview/72524315119249/3e09d6cScreenshot_2017-09-16-11-59-59.png,,2202,[Screenshot_2017-09-16-12-00-11.png] https://www.jotform.com/widget-uploads/imagePreview/72524315119249/3e03e2dScreenshot_2017-09-16-12-00-11.png,,248.3,[Screenshot_2017-09-16-12-00-25.png] https://www.jotform.com/widget-uploads/imagePreview/72524315119249/3e0c9a7Screenshot_2017-09-16-12-00-25.png,,24.114.83.254,3813869914526921135,Edit Submission
2017-09-16 12:03:17,Captainbuckyy,33,FALSE,988840,[Screenshot_20170916-115744.png] https://www.jotform.com/widget-uploads/imagePreview/72524315119249/447afffScreenshot_20170916-115744.png,,9979,[Screenshot_20170916-115935.png] https://www.jotform.com/widget-uploads/imagePreview/72524315119249/1352e5cScreenshot_20170916-115935.png,,1078.6,[Screenshot_20170916-115830.png] https://www.jotform.com/widget-uploads/imagePreview/72524315119249/3ded123Screenshot_20170916-115830.png,,184.151.246.102,3813869972018874886,Edit Submission
2017-09-16 12:03:21,FunkyMonkey0624,17,Valor,146682,[Screenshot_20170916-115841.png] https://www.jotform.com/widget-uploads/imagePreview/72524315119249/48815ebScreenshot_20170916-115841.png,,236,[Screenshot_20170916-115934.png] https://www.jotform.com/widget-uploads/imagePreview/72524315119249/485e76dScreenshot_20170916-115934.png,,18,[Screenshot_20170916-120127.png] https://www.jotform.com/widget-uploads/imagePreview/72524315119249/4830ef7Screenshot_20170916-120127.png,,199.7.157.125,3813870015214884079,Edit Submission
2017-09-16 12:05:03,HOUNDGPS,30,Valor,2137334,[Screenshot_20170916-115814.png] https://www.jotform.com/widget-uploads/imagePreview/72524315119249/ae20607Screenshot_20170916-115814.png,,2900,[Screenshot_20170916-120038.png] https://www.jotform.com/widget-uploads/imagePreview/72524315119249/adc5c1fScreenshot_20170916-120038.png,,332.1,[Screenshot_20170916-120058.png] https://www.jotform.com/widget-uploads/imagePreview/72524315119249/adf1e80Screenshot_20170916-120058.png,,184.151.246.196,3813871036916896893,Edit Submission
2017-09-16 12:05:37,Starletta,34,Mystic,9272,[Pokémon GO_2017-09-16-12-03-11.png] https://www.jotform.com/widget-uploads/imagePreview/72524315119249/d0e71c4Pok%C3%A9mon%20GO_2017-09-16-12-03-11.png,,9553,[Pokémon GO_2017-09-16-12-04-22.png] https://www.jotform.com/widget-uploads/imagePreview/72524315119249/d0cabd5Pok%C3%A9mon%20GO_2017-09-16-12-04-22.png,,803,[Pokémon GO_2017-09-16-12-05-06.png] https://www.jotform.com/widget-uploads/imagePreview/72524315119249/d0914baPok%C3%A9mon%20GO_2017-09-16-12-05-06.png,,184.151.246.195,3813871375919743137,Edit Submission
2017-09-16 12:05:51,smhyow,28,Mystic,120359,[Screenshot_20170916-120407.png] https://www.jotform.com/widget-uploads/imagePreview/72524315119249/de410ccScreenshot_20170916-120407.png,,3373,[Screenshot_20170916-120028.png] https://www.jotform.com/widget-uploads/imagePreview/72524315119249/dd828fbScreenshot_20170916-120028.png,,315.2,[Screenshot_20170916-115953.png] https://www.jotform.com/widget-uploads/imagePreview/72524315119249/dd6267aScreenshot_20170916-115953.png,,24.114.81.212,3813871512124546532,Edit Submission
2017-09-16 12:06:23,WhiteySwag,40,Mystic,24721633,[Screenshot_20170916-120348.png] https://www.jotform.com/widget-uploads/imagePreview/72524315119249/b7744eeScreenshot_20170916-120348.png,,44345,[Screenshot_20170916-120448.png] https://www.jotform.com/widget-uploads/imagePreview/72524315119249/c45b781Screenshot_20170916-120448.png,,2571,[Screenshot_20170916-120529.png] https://www.jotform.com/widget-uploads/imagePreview/72524315119249/d96df22Screenshot_20170916-120529.png,,24.114.98.136,3813871836311388690,Edit Submission
2017-09-16 12:06:23,Pelliepenguin,40,Mystic,26748015,[Screenshot_20170916-120428.png] https://www.jotform.com/widget-uploads/imagePreview/72524315119249/bc07a8dScreenshot_20170916-120428.png,,50889,[Screenshot_20170916-120528.png] https://www.jotform.com/widget-uploads/imagePreview/72524315119249/dcc49d7Screenshot_20170916-120528.png,,3924.3,[Screenshot_20170916-120533.png] https://www.jotform.com/widget-uploads/imagePreview/72524315119249/f602b8cScreenshot_20170916-120533.png,,184.151.246.187,3813871837812471844,Edit Submission
2017-09-16 12:07:01,Seafyrre,38,Mystic,1204174,[Pokémon GO_2017-09-16-12-05-07.png] https://www.jotform.com/widget-uploads/imagePreview/72524315119249/2438cd6Pok%C3%A9mon%20GO_2017-09-16-12-05-07.png,,30308,[Pokémon GO_2017-09-16-12-05-00.png] https://www.jotform.com/widget-uploads/imagePreview/72524315119249/241d464Pok%C3%A9mon%20GO_2017-09-16-12-05-00.png,,2133.2,[Pokémon GO_2017-09-16-12-04-50.png] https://www.jotform.com/widget-uploads/imagePreview/72524315119249/2438c5fPok%C3%A9mon%20GO_2017-09-16-12-04-50.png,,184.151.246.136,3813872216318504366,Edit Submission
2017-09-16 12:08:55,Lucyheartfillia33,27,Valor,202610,[Screenshot_2017-09-16-12-04-37.png] https://www.jotform.com/widget-uploads/imagePreview/72524315119249/9631766Screenshot_2017-09-16-12-04-37.png,,2038,[Screenshot_2017-09-16-12-04-45.png] https://www.jotform.com/widget-uploads/imagePreview/72524315119249/93e3ad7Screenshot_2017-09-16-12-04-45.png,,309,[Screenshot_2017-09-16-12-04-54.png] https://www.jotform.com/widget-uploads/imagePreview/72524315119249/9369690Screenshot_2017-09-16-12-04-54.png,,142.169.78.250,3813873350525189961,Edit Submission
2017-09-16 12:09:10,Aelsamyr,38,Mystic,811017,[Pokémon GO_2017-09-16-12-07-32.png] https://www.jotform.com/widget-uploads/imagePreview/72524315119249/a56a830Pok%C3%A9mon%20GO_2017-09-16-12-07-32.png,,30041,[Pokémon GO_2017-09-16-12-07-42.png] https://www.jotform.com/widget-uploads/imagePreview/72524315119249/a5592bcPok%C3%A9mon%20GO_2017-09-16-12-07-42.png,,1923.8,[Pokémon GO_2017-09-16-12-07-59.png] https://www.jotform.com/widget-uploads/imagePreview/72524315119249/a5493eaPok%C3%A9mon%20GO_2017-09-16-12-07-59.png,,184.151.246.193,3813873503911623853,Edit Submission
2017-09-16 12:12:35,ShushyFTW,3,Valor,1130,[Screenshot_20170916-121111.png] https://www.jotform.com/widget-uploads/imagePreview/72524315119249/72e3cfbScreenshot_20170916-121111.png,,3,[Screenshot_20170916-121120.png] https://www.jotform.com/widget-uploads/imagePreview/72524315119249/726ad59Screenshot_20170916-121120.png,,0,[Screenshot_20170916-121129.png] https://www.jotform.com/widget-uploads/imagePreview/72524315119249/72b1010Screenshot_20170916-121129.png,,199.119.233.202,3813875552028119393,Edit Submission
2017-09-16 12:13:31,Valcoconut,21,Instinct,296348,[IMG_0013.PNG] https://www.jotform.com/widget-uploads/imagePreview/72524315119249/a8e9a52IMG_0013.PNG,,624,[IMG_0015.PNG] https://www.jotform.com/widget-uploads/imagePreview/72524315119249/aad33f5IMG_0015.PNG,,22.4,[IMG_0016.PNG] https://www.jotform.com/widget-uploads/imagePreview/72524315119249/a8dec5dIMG_0016.PNG,,142.169.78.87,3813876117883436659,Edit Submission
2017-09-16 12:13:36,Mittenzcat,25,Mystic,175836,[Screenshot_20170916-121153.png] https://www.jotform.com/widget-uploads/imagePreview/72524315119249/af72b37Screenshot_20170916-121153.png,,1160,[Screenshot_20170916-121242.png] https://www.jotform.com/widget-uploads/imagePreview/72524315119249/adc5f36Screenshot_20170916-121242.png,,72.1,[Screenshot_20170916-121250.png] https://www.jotform.com/widget-uploads/imagePreview/72524315119249/adea8e7Screenshot_20170916-121250.png,,184.151.246.128,3813876168219139439,Edit Submission
2017-09-16 12:15:36,NaeKitten,22,Mystic,98114,[Screenshot_20170916-121047.png] https://www.jotform.com/widget-uploads/imagePreview/72524315119249/250d240Screenshot_20170916-121047.png,,594,[Screenshot_20170916-121355.png] https://www.jotform.com/widget-uploads/imagePreview/72524315119249/271a340Screenshot_20170916-121355.png,,35.7,[Screenshot_20170916-121409.png] https://www.jotform.com/widget-uploads/imagePreview/72524315119249/246811fScreenshot_20170916-121409.png,,184.151.246.195,3813877365914027627,Edit Submission
2017-09-16 12:17:01,Bertisthewerd,27,Instinct,1123027,[Screenshot_20170916-121245.png] https://www.jotform.com/widget-uploads/imagePreview/72524315119249/7bbcdd1Screenshot_20170916-121245.png,,1611,[Screenshot_20170916-121300.png] https://www.jotform.com/widget-uploads/imagePreview/72524315119249/7bd6c12Screenshot_20170916-121300.png,,244.6,[Screenshot_20170916-121332.png] https://www.jotform.com/widget-uploads/imagePreview/72524315119249/7ba9d54Screenshot_20170916-121332.png,,72.143.211.63,3813878213618789326,Edit Submission
2017-09-16 12:17:35,KyloKazam,36,Instinct,8154092,[IMG_0047.PNG] https://www.jotform.com/widget-uploads/imagePreview/72524315119249/9e1206eIMG_0047.PNG,,19984,[IMG_0048.PNG] https://www.jotform.com/widget-uploads/imagePreview/72524315119249/9a38e40IMG_0048.PNG,,2095.3,[IMG_0049.PNG] https://www.jotform.com/widget-uploads/imagePreview/72524315119249/99c01e5IMG_0049.PNG,,184.151.246.103,3813878553018141841,Edit Submission
2017-09-16 12:17:57,PrimalPara,25,Instinct,779505,[IMG_2450.PNG] https://www.jotform.com/widget-uploads/imagePreview/72524315119249/b3d7d70IMG_2450.PNG,,2112,[IMG_2451.PNG] https://www.jotform.com/widget-uploads/imagePreview/72524315119249/b3dde21IMG_2451.PNG,,62.5,[IMG_2452.PNG] https://www.jotform.com/widget-uploads/imagePreview/72524315119249/b3c425eIMG_2452.PNG,,142.169.78.87,3813878777889214899,Edit Submission
2017-09-16 12:17:58,Thegamer0824,22,Valor,404665,[IMG_0248.PNG] https://www.jotform.com/widget-uploads/imagePreview/72524315119249/b5ae1d7IMG_0248.PNG,,934,[IMG_0249.PNG] https://www.jotform.com/widget-uploads/imagePreview/72524315119249/b5b42adIMG_0249.PNG,,142.7,[IMG_0250.PNG] https://www.jotform.com/widget-uploads/imagePreview/72524315119249/b5b1c56IMG_0250.PNG,,184.151.246.103,3813878783018742016,Edit Submission
2017-09-16 12:23:37,HRStrategist,35,Valor,209728,[IMG_0504.PNG] https://www.jotform.com/widget-uploads/imagePreview/72524315119249/074ef7dIMG_0504.PNG,,14422,[IMG_0506.PNG] https://www.jotform.com/widget-uploads/imagePreview/72524315119249/02bb370IMG_0506.PNG,,1396.3,[IMG_0505.PNG] https://www.jotform.com/widget-uploads/imagePreview/72524315119249/02ba8c4IMG_0505.PNG,,184.151.246.37,3813882167362401522,Edit Submission
2017-09-16 11:49:57,Krys82105d,33,Mystic,27122,[Screenshot_2017-09-16-11-46-37.png] https://www.jotform.com/widget-uploads/imagePreview/72297965219268/248eec7Screenshot_2017-09-16-11-46-37.png,5263,[Screenshot_2017-09-16-11-46-58.png] https://www.jotform.com/widget-uploads/imagePreview/72297965219268/24733a8Screenshot_2017-09-16-11-46-58.png,891.5,[Screenshot_2017-09-16-11-46-49.png] https://www.jotform.com/widget-uploads/imagePreview/72297965219268/246e513Screenshot_2017-09-16-11-46-49.png,,184.151.246.223,3813861973227698773,Edit Submission,,
2017-09-16 12:27:35,Dylantylerjean,25,Instinct,33027,[IMG_3631.PNG] https://www.jotform.com/widget-uploads/imagePreview/72524315119249/f62612cIMG_3631.PNG,,1044,[IMG_3632.PNG] https://www.jotform.com/widget-uploads/imagePreview/72524315119249/f5cb99bIMG_3632.PNG,,47.7,[IMG_3633.PNG] https://www.jotform.com/widget-uploads/imagePreview/72524315119249/f5c72e3IMG_3633.PNG,,142.169.78.51,3813884551581084407,Edit Submission
2017-09-16 12:29:55,Sstteevveenn16,9,Valor,38426,[IMG_0051.PNG] https://www.jotform.com/widget-uploads/imagePreview/72524315119249/82a0e9dIMG_0051.PNG,,93,,,4,[IMG_0052.PNG] https://www.jotform.com/widget-uploads/imagePreview/72524315119249/82a7da2IMG_0052.PNG,,184.151.246.103,3813885953015426150,Edit Submission
2017-09-16 12:54:26,Yabriltwo,32,Mystic,402753,[Screenshot_20170916-124828.png] https://www.jotform.com/widget-uploads/imagePreview/72524315119249/f221de1Screenshot_20170916-124828.png,,8220,[Screenshot_20170916-125153.png] https://www.jotform.com/widget-uploads/imagePreview/72524315119249/f1c22b0Screenshot_20170916-125153.png,,1244,[Screenshot_20170916-125206.png] https://www.jotform.com/widget-uploads/imagePreview/72524315119249/f25502fScreenshot_20170916-125206.png,,24.114.80.37,3813900667306594255,Edit Submission
2017-09-16 13:35:46,Jynx1975,31,Valor,,,,,,,,,,24.114.109.42,3813925462495852819,Edit Submission
2017-09-16 13:48:35,JPVF2016,38,Valor,2748434,[IMG_2169.PNG] https://www.jotform.com/widget-uploads/imagePreview/72524315119249/f1ef018IMG_2169.PNG,,35926,[IMG_2171.PNG] https://www.jotform.com/widget-uploads/imagePreview/72524315119249/ee448ccIMG_2171.PNG,,3362.5,[IMG_2170.PNG] https://www.jotform.com/widget-uploads/imagePreview/72524315119249/ede2902IMG_2170.PNG,,24.114.84.19,3813933159143699723,Edit Submission
2017-09-16 13:51:39,Apohcalypse,40,Mystic,27743825,[IMG_2589.PNG] https://www.jotform.com/widget-uploads/imagePreview/72524315119249/ab0c328IMG_2589.PNG,,45131,[IMG_2591.PNG] https://www.jotform.com/widget-uploads/imagePreview/72524315119249/ab02361IMG_2591.PNG,,3276,[IMG_2590.PNG] https://www.jotform.com/widget-uploads/imagePreview/72524315119249/ab05f30IMG_2590.PNG,,142.169.78.61,3813934991686575136,Edit Submission
2017-09-16 13:54:27,Simplymoxie,40,Mystic,77557472,[IMG_0534.PNG] https://www.jotform.com/widget-uploads/imagePreview/72524315119249/525ef41IMG_0534.PNG,,125253,[IMG_0535.PNG] https://www.jotform.com/widget-uploads/imagePreview/72524315119249/5260598IMG_0535.PNG,,4509.1,[IMG_0533.PNG] https://www.jotform.com/widget-uploads/imagePreview/72524315119249/1a1d332IMG_0533.PNG,,204.48.77.37,3813936677372494707,Edit Submission
2017-09-16 13:55:33,Infinitrize,40,Instinct,25598015,[Screenshot_20170916-135431.png] https://www.jotform.com/widget-uploads/imagePreview/72524315119249/74454f8Screenshot_20170916-135431.png,,36383,[Screenshot_20170916-135426.png] https://www.jotform.com/widget-uploads/imagePreview/72524315119249/7ce3a6eScreenshot_20170916-135426.png,,2892.7,[Screenshot_20170916-135422.png] https://www.jotform.com/widget-uploads/imagePreview/72524315119249/8ce6e85Screenshot_20170916-135422.png,,24.114.94.231,3813937331324817023,Edit Submission
2017-09-16 13:55:44,Hashable,35,Instinct,446978,,,11326,,,988.1,,,142.169.78.186,3813937446812956701,Edit Submission
2017-09-16 13:57:16,DivineEsper,40,Mystic,20454786,[Screenshot_20170916-135158.png] https://www.jotform.com/widget-uploads/imagePreview/72524315119249/fb1015fScreenshot_20170916-135158.png,,41304,[Screenshot_20170916-135211.png] https://www.jotform.com/widget-uploads/imagePreview/72524315119249/fb042d6Screenshot_20170916-135211.png,,4175.4,[Screenshot_20170916-135204.png] https://www.jotform.com/widget-uploads/imagePreview/72524315119249/faed3f1Screenshot_20170916-135204.png,,204.48.79.217,3813938367128782308,Edit Submission
2017-09-16 13:57:18,Pinkiiee,40,Mystic,33327925,[IMG_2531.PNG] https://www.jotform.com/widget-uploads/imagePreview/72524315119249/fd84a43IMG_2531.PNG,,49219,[IMG_2530.PNG] https://www.jotform.com/widget-uploads/imagePreview/72524315119249/fd79a46IMG_2530.PNG,,1955.5,[IMG_2529.PNG] https://www.jotform.com/widget-uploads/imagePreview/72524315119249/fd7f76cIMG_2529.PNG,,204.48.95.222,3813938382221216171,Edit Submission
2017-09-16 13:57:19,PhoenixAstra,40,Mystic,26045165,[IMG_6549.PNG] https://www.jotform.com/widget-uploads/imagePreview/72524315119249/fe47a00IMG_6549.PNG,,47217,[IMG_6550.PNG] https://www.jotform.com/widget-uploads/imagePreview/72524315119249/fe38f7cIMG_6550.PNG,,1857.9,[IMG_6551.PNG] https://www.jotform.com/widget-uploads/imagePreview/72524315119249/fe55a6eIMG_6551.PNG,,24.114.82.14,3813938394121541529,Edit Submission
2017-09-16 13:57:57,Arasarn,40,Valor,28248480,[IMG_3712.PNG] https://www.jotform.com/widget-uploads/imagePreview/72524315119249/2409f60IMG_3712.PNG,,54403,[IMG_3713.PNG] https://www.jotform.com/widget-uploads/imagePreview/72524315119249/2422e79IMG_3713.PNG,,3791.3,[IMG_3714.PNG] https://www.jotform.com/widget-uploads/imagePreview/72524315119249/2435818IMG_3714.PNG,,204.48.78.50,3813938770588739996,Edit Submission
2017-09-16 13:58:49,Vandermear,35,Mystic,247062,[Capture+_2017-09-16-13-56-06.png] https://www.jotform.com/widget-uploads/imagePreview/72524315119249/57d0737Capture%2B_2017-09-16-13-56-06.png,,12242,[Capture+_2017-09-16-13-56-24.png] https://www.jotform.com/widget-uploads/imagePreview/72524315119249/57b07eeCapture%2B_2017-09-16-13-56-24.png,,1124.4,[Capture+_2017-09-16-13-56-16.png] https://www.jotform.com/widget-uploads/imagePreview/72524315119249/5694067Capture%2B_2017-09-16-13-56-16.png,,184.151.246.203,3813939293025815380,Edit Submission
2017-09-16 13:59:09,JeDyTy,33,Valor,3769813,[IMG_3472.PNG] https://www.jotform.com/widget-uploads/imagePreview/72524315119249/19ef622IMG_3472.PNG,,7885,[IMG_3470.PNG] https://www.jotform.com/widget-uploads/imagePreview/72524315119249/20aa440IMG_3470.PNG,,1037.7,[IMG_3469.PNG] https://www.jotform.com/widget-uploads/imagePreview/72524315119249/4d2f9f5IMG_3469.PNG,,142.169.78.63,3813939493685389546,Edit Submission
2017-09-16 13:59:54,HeWas85,38,Mystic,2647984,[IMG_3029.PNG] https://www.jotform.com/widget-uploads/imagePreview/72524315119249/b57ab14IMG_3029.PNG,,29713,[IMG_3031.PNG] https://www.jotform.com/widget-uploads/imagePreview/72524315119249/b483cd5IMG_3031.PNG,,24640,[IMG_3030.PNG] https://www.jotform.com/widget-uploads/imagePreview/72524315119249/b48ac62IMG_3030.PNG,,24.114.107.157,3813939947511172155,Edit Submission
2017-09-16 13:59:55,Xolgren,34,Instinct,5740761,[IMG_0676.PNG] https://www.jotform.com/widget-uploads/imagePreview/72524315119249/97a7c51IMG_0676.PNG,,7624,[IMG_0677.PNG] https://www.jotform.com/widget-uploads/imagePreview/72524315119249/9a43f6dIMG_0677.PNG,,592.8,[IMG_0678.PNG] https://www.jotform.com/widget-uploads/imagePreview/72524315119249/9796af7IMG_0678.PNG,,184.151.246.5,3813939955647067731,Edit Submission
2017-09-16 14:00:51,Jedyty,33,Valor,43611,[IMG_3505.PNG] https://www.jotform.com/widget-uploads/imagePreview/72524315119249/d2515d7IMG_3505.PNG,,7973,[IMG_3507.PNG] https://www.jotform.com/widget-uploads/imagePreview/72524315119249/d220d57IMG_3507.PNG,,1041,[IMG_3506.PNG] https://www.jotform.com/widget-uploads/imagePreview/72524315119249/d2211bdIMG_3506.PNG,,142.169.78.63,3813940513687339015,Edit Submission
2017-09-16 14:00:54,Hvyd3833,37,Instinct,10240670,[IMG_0005.PNG] https://www.jotform.com/widget-uploads/imagePreview/72524315119249/d4a3aaaIMG_0005.PNG,,17968,[IMG_0007.PNG] https://www.jotform.com/widget-uploads/imagePreview/72524315119249/d50c822IMG_0007.PNG,,1287,[IMG_0006.PNG] https://www.jotform.com/widget-uploads/imagePreview/72524315119249/d49af5fIMG_0006.PNG,,184.151.114.41,3813940541446785592,Edit Submission
2017-09-16 14:00:57,datasprite12,27,Mystic,144356,[Screenshot_2017-09-16-13-58-47.png] https://www.jotform.com/widget-uploads/imagePreview/72524315119249/d7ebff6Screenshot_2017-09-16-13-58-47.png,,2172,[Screenshot_2017-09-16-13-59-02.png] https://www.jotform.com/widget-uploads/imagePreview/72524315119249/d7f1d88Screenshot_2017-09-16-13-59-02.png,,355.5,[Screenshot_2017-09-16-13-59-09.png] https://www.jotform.com/widget-uploads/imagePreview/72524315119249/d7c8475Screenshot_2017-09-16-13-59-09.png,,24.114.87.104,3813940564019568385,Edit Submission
2017-09-16 14:01:00,TifamarooRise,36,Valor,8199790,[IMG_4733.PNG] https://www.jotform.com/widget-uploads/imagePreview/72524315119249/db20e46IMG_4733.PNG,,20987,[IMG_4736.PNG] https://www.jotform.com/widget-uploads/imagePreview/72524315119249/db05ab7IMG_4736.PNG,,1932.7,[IMG_4734.PNG] https://www.jotform.com/widget-uploads/imagePreview/72524315119249/db201c8IMG_4734.PNG,,24.114.101.4,3813940604109321688,Edit Submission
2017-09-16 14:01:12,Emboric,28,Valor,,[IMG_1418.PNG] https://www.jotform.com/widget-uploads/imagePreview/72524315119249/e7a269dIMG_1418.PNG,,,[IMG_1419.PNG] https://www.jotform.com/widget-uploads/imagePreview/72524315119249/e7153f7IMG_1419.PNG,,,[IMG_1420.PNG] https://www.jotform.com/widget-uploads/imagePreview/72524315119249/e707851IMG_1420.PNG,,184.151.246.146,3813940726413216512,Edit Submission
2017-09-16 14:01:13,CavM89,28,Mystic,160186,[Screenshot_2017-09-16-13-57-26.png] https://www.jotform.com/widget-uploads/imagePreview/72524315119249/de1b9f5Screenshot_2017-09-16-13-57-26.png,,3577,[Screenshot_2017-09-16-13-57-40.png] https://www.jotform.com/widget-uploads/imagePreview/72524315119249/bbd1fa6Screenshot_2017-09-16-13-57-40.png,,499.5,[Screenshot_2017-09-16-13-57-51.png] https://www.jotform.com/widget-uploads/imagePreview/72524315119249/a39bd00Screenshot_2017-09-16-13-57-51.png,,24.114.102.122,3813940732216135072,Edit Submission
2017-09-16 14:01:30,Pinkladybug27,30,Valor,2060493,[Screenshot_20170916-135919.jpg] https://www.jotform.com/widget-uploads/imagePreview/72524315119249/fa2388eScreenshot_20170916-135919.jpg,,3497,[Screenshot_20170916-135930.jpg] https://www.jotform.com/widget-uploads/imagePreview/72524315119249/fa1dee6Screenshot_20170916-135930.jpg,,279.8,[Screenshot_20170916-135925.jpg] https://www.jotform.com/widget-uploads/imagePreview/72524315119249/fa12205Screenshot_20170916-135925.jpg,,184.151.127.64,3813940904673845350,Edit Submission
2017-09-16 14:01:35,Sammylee26,36,Instinct,8628830,[Screenshot_20170916-135811.png] https://www.jotform.com/widget-uploads/imagePreview/72524315119249/fedd9c6Screenshot_20170916-135811.png,,14080,[Screenshot_20170916-135824.png] https://www.jotform.com/widget-uploads/imagePreview/72524315119249/feeb649Screenshot_20170916-135824.png,,,[Screenshot_20170916-135835.png] https://www.jotform.com/widget-uploads/imagePreview/72524315119249/ff0e635Screenshot_20170916-135835.png,,184.151.111.86,3813940956814330771,Edit Submission
2017-09-16 14:01:41,Tanadeau,28,Instinct,246192,[IMG_4530.PNG] https://www.jotform.com/widget-uploads/imagePreview/72524315119249/03f00aeIMG_4530.PNG,,2992,[IMG_4533.PNG] https://www.jotform.com/widget-uploads/imagePreview/72524315119249/03b1de2IMG_4533.PNG,,362,[IMG_4532.PNG] https://www.jotform.com/widget-uploads/imagePreview/72524315119249/03a553aIMG_4532.PNG,,142.169.78.14,3813941014187362854,Edit Submission
2017-09-16 14:01:46,Avier1980,34,Valor,4781990,[IMG_7266.PNG] https://www.jotform.com/widget-uploads/imagePreview/72524315119249/0941b06IMG_7266.PNG,,8032,[IMG_7267.PNG] https://www.jotform.com/widget-uploads/imagePreview/72524315119249/e7d71bfIMG_7267.PNG,,585.8,[IMG_7268.PNG] https://www.jotform.com/widget-uploads/imagePreview/72524315119249/09150e9IMG_7268.PNG,,24.114.106.117,3813941067118413162,Edit Submission
2017-09-16 14:01:49,monklilly,39,Mystic,3645913,[Screenshot_20170916-140011.png] https://www.jotform.com/widget-uploads/imagePreview/72524315119249/0bed83eScreenshot_20170916-140011.png,,30839,[Screenshot_20170916-140030.png] https://www.jotform.com/widget-uploads/imagePreview/72524315119249/0c229f5Screenshot_20170916-140030.png,,4430.6,[Screenshot_20170916-140023.png] https://www.jotform.com/widget-uploads/imagePreview/72524315119249/0bdc9cbScreenshot_20170916-140023.png,,142.169.78.79,3813941089787752997,Edit Submission
2017-09-16 14:02:02,Jaco9340,31,Valor,317990,[Screenshot_20170916-135856.png] https://www.jotform.com/widget-uploads/imagePreview/72524315119249/19236d9Screenshot_20170916-135856.png,,4820,[Screenshot_20170916-135917.png] https://www.jotform.com/widget-uploads/imagePreview/72524315119249/1900613Screenshot_20170916-135917.png,,537.4,[Screenshot_20170916-135909.png] https://www.jotform.com/widget-uploads/imagePreview/72524315119249/18da4baScreenshot_20170916-135909.png,,184.151.246.38,3813941228362806771,Edit Submission
2017-09-16 14:02:03,TrainerWoods,34,Valor,495410,[IMG_5575.PNG] https://www.jotform.com/widget-uploads/imagePreview/72524315119249/19c7b0cIMG_5575.PNG,,9193,[IMG_5579.PNG] https://www.jotform.com/widget-uploads/imagePreview/72524315119249/194ec60IMG_5579.PNG,,1314.5,[IMG_5576.PNG] https://www.jotform.com/widget-uploads/imagePreview/72524315119249/19b9129IMG_5576.PNG,,24.114.87.44,3813941234479481822,Edit Submission
2017-09-16 14:02:07,613instinct,37,Instinct,10768919,[Screenshot_20170916-135631.png] https://www.jotform.com/widget-uploads/imagePreview/72524315119249/1e0ac92Screenshot_20170916-135631.png,,26179,[Screenshot_20170916-135759.png] https://www.jotform.com/widget-uploads/imagePreview/72524315119249/1cba47dScreenshot_20170916-135759.png,,814.8,[Screenshot_20170916-135811.png] https://www.jotform.com/widget-uploads/imagePreview/72524315119249/1bd3c8fScreenshot_20170916-135811.png,,184.151.114.41,3813941271444523212,Edit Submission
2017-09-16 14:02:10,orenishimo,33,Valor,669936,[Screenshot_20170916-135941.png] https://www.jotform.com/widget-uploads/imagePreview/72524315119249/219f268Screenshot_20170916-135941.png,,7106,[Screenshot_20170916-135949.png] https://www.jotform.com/widget-uploads/imagePreview/72524315119249/218864eScreenshot_20170916-135949.png,,540.5,[Screenshot_20170916-140151.png] https://www.jotform.com/widget-uploads/imagePreview/72524315119249/2188634Screenshot_20170916-140151.png,,142.169.33.223,3813941303229550920,Edit Submission
2017-09-16 14:02:14,kajann,34,Valor,5115066,[Screenshot_2017-09-16-13-59-27.png] https://www.jotform.com/widget-uploads/imagePreview/72524315119249/24b399aScreenshot_2017-09-16-13-59-27.png,,8572,[Screenshot_2017-09-16-14-00-00.png] https://www.jotform.com/widget-uploads/imagePreview/72524315119249/2491bcaScreenshot_2017-09-16-14-00-00.png,,1194.4,[Screenshot_2017-09-16-13-59-48.png] https://www.jotform.com/widget-uploads/imagePreview/72524315119249/251249dScreenshot_2017-09-16-13-59-48.png,,24.114.109.44,3813941344491343296,Edit Submission
2017-09-16 14:02:19,Arabian1995,30,Valor,,[IMG_2688.PNG] https://www.jotform.com/widget-uploads/imagePreview/72524315119249/2ab6fb4IMG_2688.PNG,,,[IMG_2689.PNG] https://www.jotform.com/widget-uploads/imagePreview/72524315119249/2a769f8IMG_2689.PNG,,,[IMG_2690.PNG] https://www.jotform.com/widget-uploads/imagePreview/72524315119249/2a5ce40IMG_2690.PNG,,142.169.78.27,3813941397286863093,Edit Submission
2017-09-16 14:02:20,HeWas85,39,Mystic,2740304,[IMG_3032.PNG] https://www.jotform.com/widget-uploads/imagePreview/72524315119249/2b2657cIMG_3032.PNG,,29868,[IMG_3034.PNG] https://www.jotform.com/widget-uploads/imagePreview/72524315119249/2ab52feIMG_3034.PNG,,24664,[IMG_3033.PNG] https://www.jotform.com/widget-uploads/imagePreview/72524315119249/2ab157dIMG_3033.PNG,,24.114.107.157,3813941407511227808,Edit Submission
2017-09-16 14:02:36,Weffey,34,Instinct,5726567,[Screenshot_20170916-140059.png] https://www.jotform.com/widget-uploads/imagePreview/72524315119249/fa94e0dScreenshot_20170916-140059.png,,9594,[Screenshot_20170916-140146.png] https://www.jotform.com/widget-uploads/imagePreview/72524315119249/135f63bScreenshot_20170916-140146.png,,982.7,[Screenshot_20170916-140219.png] https://www.jotform.com/widget-uploads/imagePreview/72524315119249/327ce16Screenshot_20170916-140219.png,,72.143.211.157,3813941567519919513,Edit Submission
2017-09-16 14:02:46,VriskaBlue,33,Valor,165438,[IMG_0712.PNG] https://www.jotform.com/widget-uploads/imagePreview/72524315119249/37e7dc2IMG_0712.PNG,,7359,[IMG_0713.PNG] https://www.jotform.com/widget-uploads/imagePreview/72524315119249/326f9eaIMG_0713.PNG,,957.8,[IMG_0714.PNG] https://www.jotform.com/widget-uploads/imagePreview/72524315119249/2d5a4f4IMG_0714.PNG,,24.114.102.126,3813941666216801000,Edit Submission
2017-09-16 14:02:46,PeteuxEnFeu,28,Instinct,1562862,[Screenshot_2017-09-16-13-57-46.png] https://www.jotform.com/widget-uploads/imagePreview/72524315119249/45297b9Screenshot_2017-09-16-13-57-46.png,,2246,[Screenshot_2017-09-16-13-58-04.png] https://www.jotform.com/widget-uploads/imagePreview/72524315119249/4539c2aScreenshot_2017-09-16-13-58-04.png,,250.6,[Screenshot_2017-09-16-13-58-16.png] https://www.jotform.com/widget-uploads/imagePreview/72524315119249/452664fScreenshot_2017-09-16-13-58-16.png,,24.114.83.254,3813941664521684946,Edit Submission
2017-09-16 14:02:52,OinkyBoinky,38,Mystic,1538075,[Screenshot_20170916-135834.png] https://www.jotform.com/widget-uploads/imagePreview/72524315119249/4a4374dScreenshot_20170916-135834.png,,,[Screenshot_20170916-140000.png] https://www.jotform.com/widget-uploads/imagePreview/72524315119249/4a9f652Screenshot_20170916-140000.png,,,[Screenshot_20170916-135915.png] https://www.jotform.com/widget-uploads/imagePreview/72524315119249/4b54d7cScreenshot_20170916-135915.png,,24.114.108.96,3813941726984300264,Edit Submission
2017-09-16 14:02:54,Dylantylerjean,25,Instinct,45893,[IMG_3634.PNG] https://www.jotform.com/widget-uploads/imagePreview/72524315119249/4b0e03bIMG_3634.PNG,,1085,[IMG_3635.PNG] https://www.jotform.com/widget-uploads/imagePreview/72524315119249/4cafcccIMG_3635.PNG,,49.7,[IMG_3636.PNG] https://www.jotform.com/widget-uploads/imagePreview/72524315119249/4aa90f3IMG_3636.PNG,,142.169.78.51,3813941741582476888,Edit Submission
2017-09-16 14:03:02,ElegantJames,30,Valor,2044273,[Screenshot_2017-09-16-14-00-21.png] https://www.jotform.com/widget-uploads/imagePreview/72524315119249/5501987Screenshot_2017-09-16-14-00-21.png,,3526,[Screenshot_2017-09-16-14-00-30.png] https://www.jotform.com/widget-uploads/imagePreview/72524315119249/53eedf5Screenshot_2017-09-16-14-00-30.png,,322,[Screenshot_2017-09-16-14-00-37.png] https://www.jotform.com/widget-uploads/imagePreview/72524315119249/52c1019Screenshot_2017-09-16-14-00-37.png,,24.114.81.212,3813941822123872494,Edit Submission
2017-09-16 14:03:03,Alemk079,31,Valor,2552388,[IMG_0886.PNG] https://www.jotform.com/widget-uploads/imagePreview/72524315119249/56435e1IMG_0886.PNG,,3727,[IMG_0887.PNG] https://www.jotform.com/widget-uploads/imagePreview/72524315119249/558fde2IMG_0887.PNG,,299,[IMG_0888.PNG] https://www.jotform.com/widget-uploads/imagePreview/72524315119249/53001b6IMG_0888.PNG,,24.114.101.231,3813941831323967228,Edit Submission
2017-09-16 14:03:14,HRStrategist,35,Valor,256978,[IMG_0507.PNG] https://www.jotform.com/widget-uploads/imagePreview/72524315119249/609f293IMG_0507.PNG,,14492,[IMG_0509.PNG] https://www.jotform.com/widget-uploads/imagePreview/72524315119249/6072ab8IMG_0509.PNG,,1398.3,[IMG_0508.PNG] https://www.jotform.com/widget-uploads/imagePreview/72524315119249/607276fIMG_0508.PNG,,184.151.246.37,3813941947369319673,Edit Submission
2017-09-16 14:03:28,ZrVincent,32,Valor,3307042,[Screenshot_2017-09-16-14-00-17.png] https://www.jotform.com/widget-uploads/imagePreview/72524315119249/6fc7ea3Screenshot_2017-09-16-14-00-17.png,,6749,[Screenshot_2017-09-16-14-00-29.png] https://www.jotform.com/widget-uploads/imagePreview/72524315119249/6fb27bcScreenshot_2017-09-16-14-00-29.png,,430,[Screenshot_2017-09-16-14-00-55.png] https://www.jotform.com/widget-uploads/imagePreview/72524315119249/6f92d64Screenshot_2017-09-16-14-00-55.png,,184.151.246.181,3813942081813037418,Edit Submission
2017-09-16 14:03:32,ShushyFTW,15,Instinct,113436,[Screenshot_20170916-140115.png] https://www.jotform.com/widget-uploads/imagePreview/72524315119249/73c82d8Screenshot_20170916-140115.png,,197,[Screenshot_20170916-140208.png] https://www.jotform.com/widget-uploads/imagePreview/72524315119249/73a31b5Screenshot_20170916-140208.png,,7.1,[Screenshot_20170916-140251.png] https://www.jotform.com/widget-uploads/imagePreview/72524315119249/7376312Screenshot_20170916-140251.png,,199.119.233.202,3813942122027522133,Edit Submission
2017-09-16 14:03:34,Ctuquoi,37,Valor,549439,[Screenshot_20170916-135939.png] https://www.jotform.com/widget-uploads/imagePreview/72524315119249/7447954Screenshot_20170916-135939.png,,22602,[Screenshot_20170916-135953.png] https://www.jotform.com/widget-uploads/imagePreview/72524315119249/75b1711Screenshot_20170916-135953.png,,1357.4,[Screenshot_20170916-140003.png] https://www.jotform.com/widget-uploads/imagePreview/72524315119249/75aa4f8Screenshot_20170916-140003.png,,24.114.111.254,3813942144523160675,Edit Submission
2017-09-16 14:04:06,Jaczline,35,Valor,720695,[Capture+_2017-09-16-14-00-38.png] https://www.jotform.com/widget-uploads/imagePreview/72524315119249/4b0a14cCapture%2B_2017-09-16-14-00-38.png,,9714,[Capture+_2017-09-16-14-01-28.png] https://www.jotform.com/widget-uploads/imagePreview/72524315119249/68300c7Capture%2B_2017-09-16-14-01-28.png,,1270.6,[Capture+_2017-09-16-14-01-13.png] https://www.jotform.com/widget-uploads/imagePreview/72524315119249/905912dCapture%2B_2017-09-16-14-01-13.png,,184.151.112.215,3813942465127245637,Edit Submission
2017-09-16 14:04:09,Poustafiolle,39,Instinct,4996184,[Screenshot_2017-09-16-14-00-54.png] https://www.jotform.com/widget-uploads/imagePreview/72524315119249/4f4b9a5Screenshot_2017-09-16-14-00-54.png,,34125,[Screenshot_2017-09-16-14-01-23.png] https://www.jotform.com/widget-uploads/imagePreview/72524315119249/6ca1ba4Screenshot_2017-09-16-14-01-23.png,,3637.3,[Screenshot_2017-09-16-14-01-13.png] https://www.jotform.com/widget-uploads/imagePreview/72524315119249/8467e9eScreenshot_2017-09-16-14-01-13.png,,184.151.246.107,3813942497014648287,Edit Submission
2017-09-16 14:04:19,Rdubya29,35,Valor,551238,[Screenshot_20170916-140034.png] https://www.jotform.com/widget-uploads/imagePreview/72524315119249/a26f921Screenshot_20170916-140034.png,,10145,[Screenshot_20170916-140049.png] https://www.jotform.com/widget-uploads/imagePreview/72524315119249/a19f892Screenshot_20170916-140049.png,,1781.1,[Screenshot_20170916-140100.png] https://www.jotform.com/widget-uploads/imagePreview/72524315119249/a214927Screenshot_20170916-140100.png,,184.151.112.197,3813942597912948344,Edit Submission
2017-09-16 14:04:22,Lucyheartfillia33,28,Valor,366,[Screenshot_2017-09-16-14-01-52.png] https://www.jotform.com/widget-uploads/imagePreview/72524315119249/a5005baScreenshot_2017-09-16-14-01-52.png,,2093,[Screenshot_2017-09-16-14-02-05.png] https://www.jotform.com/widget-uploads/imagePreview/72524315119249/a591b80Screenshot_2017-09-16-14-02-05.png,,312.2,[Screenshot_2017-09-16-14-02-21.png] https://www.jotform.com/widget-uploads/imagePreview/72524315119249/a403fdbScreenshot_2017-09-16-14-02-21.png,,142.169.78.250,3813942620526662683,Edit Submission
2017-09-16 14:04:27,Nicky226,37,Valor,9559633,[IMG_0990.PNG] https://www.jotform.com/widget-uploads/imagePreview/72524315119249/a9ba8c8IMG_0990.PNG,,15658,[IMG_0992.PNG] https://www.jotform.com/widget-uploads/imagePreview/72524315119249/a8a9295IMG_0992.PNG,,1642,[IMG_0991.PNG] https://www.jotform.com/widget-uploads/imagePreview/72524315119249/a8ea995IMG_0991.PNG,,24.114.91.121,3813942671219023219,Edit Submission
2017-09-16 14:04:33,Caldog2009,35,Instinct,6138597,[IMG_0021.PNG] https://www.jotform.com/widget-uploads/imagePreview/72524315119249/b04733aIMG_0021.PNG,,9408,[IMG_0023.PNG] https://www.jotform.com/widget-uploads/imagePreview/72524315119249/b0bfcf0IMG_0023.PNG,,996,[IMG_0022.PNG] https://www.jotform.com/widget-uploads/imagePreview/72524315119249/afd9f33IMG_0022.PNG,,24.114.84.180,3813942730811491366,Edit Submission
2017-09-16 14:04:45,TrainerWoodsJR,25,Mystic,2956,[IMG_5580.PNG] https://www.jotform.com/widget-uploads/imagePreview/72524315119249/bcc80e1IMG_5580.PNG,,643,[IMG_5581.PNG] https://www.jotform.com/widget-uploads/imagePreview/72524315119249/bc788e7IMG_5581.PNG,,59.1,[IMG_5582.PNG] https://www.jotform.com/widget-uploads/imagePreview/72524315119249/bc785b3IMG_5582.PNG,,24.114.87.44,3813942854474822643,Edit Submission
2017-09-16 14:04:54,TopHatDorito,33,Instinct,4177820,[Screenshot_20170916-140016.png] https://www.jotform.com/widget-uploads/imagePreview/72524315119249/c56956aScreenshot_20170916-140016.png,,8810,[Screenshot_20170916-140035.png] https://www.jotform.com/widget-uploads/imagePreview/72524315119249/c585af4Screenshot_20170916-140035.png,,951,[Screenshot_20170916-140025.png] https://www.jotform.com/widget-uploads/imagePreview/72524315119249/c5513e7Screenshot_20170916-140025.png,,72.143.211.238,3813942948326588092,Edit Submission
2017-09-16 14:05:08,SheIs84,39,Instinct,4912467,[IMG_5713.PNG] https://www.jotform.com/widget-uploads/imagePreview/72524315119249/d1d94a7IMG_5713.PNG,,39863,[IMG_5715.PNG] https://www.jotform.com/widget-uploads/imagePreview/72524315119249/d1db040IMG_5715.PNG,,3774,[IMG_5714.PNG] https://www.jotform.com/widget-uploads/imagePreview/72524315119249/d2dae7cIMG_5714.PNG,,24.114.103.243,3813943083428502148,Edit Submission
2017-09-16 14:05:21,WhiteySwag,40,Mystic,24757589,[Screenshot_20170916-140339.png] https://www.jotform.com/widget-uploads/imagePreview/72524315119249/a0a486cScreenshot_20170916-140339.png,,44523,[Screenshot_20170916-140424.png] https://www.jotform.com/widget-uploads/imagePreview/72524315119249/b965d54Screenshot_20170916-140424.png,,2577.4,[Screenshot_20170916-140452.png] https://www.jotform.com/widget-uploads/imagePreview/72524315119249/da1d1f1Screenshot_20170916-140452.png,,24.114.98.136,3813943216313143968,Edit Submission
2017-09-16 14:05:50,Pelliepenguin,40,Mystic,26786640,[Screenshot_20170916-140255.png] https://www.jotform.com/widget-uploads/imagePreview/72524315119249/c6d8eb6Screenshot_20170916-140255.png,,51062,[Screenshot_20170916-140301.png] https://www.jotform.com/widget-uploads/imagePreview/72524315119249/e2adf62Screenshot_20170916-140301.png,,3930.6,[Screenshot_20170916-140309.png] https://www.jotform.com/widget-uploads/imagePreview/72524315119249/f41268cScreenshot_20170916-140309.png,,184.151.246.187,3813943507811348478,Edit Submission
2017-09-16 14:06:12,Shaydekitty,36,Instinct,9390162,[Screenshot_20170916-140355.png] https://www.jotform.com/widget-uploads/imagePreview/72524315119249/12e6b81Screenshot_20170916-140355.png,,23407,[Screenshot_20170916-140328.png] https://www.jotform.com/widget-uploads/imagePreview/72524315119249/132697dScreenshot_20170916-140328.png,,2413.4,[Screenshot_20170916-140318.png] https://www.jotform.com/widget-uploads/imagePreview/72524315119249/130f9eeScreenshot_20170916-140318.png,,204.48.79.163,3813943723615099230,Edit Submission
2017-09-16 14:06:27,Bertisthewerd,27,Instinct,1159691,[Screenshot_20170916-140159.png] https://www.jotform.com/widget-uploads/imagePreview/72524315119249/e02ea16Screenshot_20170916-140159.png,,1680,[Screenshot_20170916-140235.png] https://www.jotform.com/widget-uploads/imagePreview/72524315119249/fc0b790Screenshot_20170916-140235.png,,247.4,[Screenshot_20170916-140302.png] https://www.jotform.com/widget-uploads/imagePreview/72524315119249/1bc9821Screenshot_20170916-140302.png,,72.143.211.63,3813943873617491885,Edit Submission
2017-09-16 14:07:13,JenBeeEh,26,Mystic,97597,[Screenshot_20170916-140518.png] https://www.jotform.com/widget-uploads/imagePreview/72524315119249/50b5c2bScreenshot_20170916-140518.png,,1936,[Screenshot_20170916-140543.png] https://www.jotform.com/widget-uploads/imagePreview/72524315119249/50b2345Screenshot_20170916-140543.png,,180,[Screenshot_20170916-140529.jpg] https://www.jotform.com/widget-uploads/imagePreview/72524315119249/504df33Screenshot_20170916-140529.jpg,,24.114.106.129,3813944339213449138,Edit Submission
2017-09-16 14:07:17,Boulevine,40,Instinct,23668804,[Screenshot_2017-09-16-14-05-10.png] https://www.jotform.com/widget-uploads/imagePreview/72524315119249/139cb09Screenshot_2017-09-16-14-05-10.png,,44107,[Screenshot_2017-09-16-14-05-25.png] https://www.jotform.com/widget-uploads/imagePreview/72524315119249/25ae3d0Screenshot_2017-09-16-14-05-25.png,,3125.7,[Screenshot_2017-09-16-14-05-18.png] https://www.jotform.com/widget-uploads/imagePreview/72524315119249/39439c2Screenshot_2017-09-16-14-05-18.png,,184.151.111.216,3813944376125605961,Edit Submission
2017-09-16 14:07:21,longjonsplinter,36,Instinct,,,,,,,,,,184.151.246.42,3813944402464861196,Edit Submission
2017-09-16 14:07:33,Avalai,34,Instinct,,,,,,,,,,184.151.246.236,3813944536328977301,Edit Submission
2017-09-16 14:07:45,spnarepanda,26,Valor,182610,[Capture+_2017-09-16-14-07-22.png] https://www.jotform.com/widget-uploads/imagePreview/72524315119249/7017816Capture%2B_2017-09-16-14-07-22.png,,1656,[Capture+_2017-09-16-14-06-54.png] https://www.jotform.com/widget-uploads/imagePreview/72524315119249/4c4d0e2Capture%2B_2017-09-16-14-06-54.png,,163,[Capture+_2017-09-16-14-06-15.png] https://www.jotform.com/widget-uploads/imagePreview/72524315119249/6bc4a69Capture%2B_2017-09-16-14-06-15.png,,184.151.246.25,3813944655265281703,Edit Submission
2017-09-16 14:08:08,Dreightongames,26,Mystic,61328,[Screenshot_20170916-140547.png] https://www.jotform.com/widget-uploads/imagePreview/72524315119249/867cff0Screenshot_20170916-140547.png,,1798,[Screenshot_20170916-140606.png] https://www.jotform.com/widget-uploads/imagePreview/72524315119249/8678e9cScreenshot_20170916-140606.png,,338.8,[Screenshot_20170916-140558.png] https://www.jotform.com/widget-uploads/imagePreview/72524315119249/86c619fScreenshot_20170916-140558.png,,24.114.100.174,3813944884711399255,Edit Submission
2017-09-16 14:08:34,Ohhiderr,20,Instinct,30453,[Screenshot_2017-09-16-11-47-47.png] https://www.jotform.com/widget-uploads/imagePreview/72524315119249/4a3f11cScreenshot_2017-09-16-11-47-47.png,,490,[Screenshot_2017-09-16-11-49-35.png] https://www.jotform.com/widget-uploads/imagePreview/72524315119249/47ea401Screenshot_2017-09-16-11-49-35.png,,74.5,[Screenshot_2017-09-16-11-50-01.png] https://www.jotform.com/widget-uploads/imagePreview/72524315119249/476d60aScreenshot_2017-09-16-11-50-01.png,,199.7.157.124,3813945144214987476,Edit Submission
2017-09-16 14:10:14,FrankieHokage,34,Valor,1103065,[Capture+_2017-09-16-14-08-14.png] https://www.jotform.com/widget-uploads/imagePreview/72524315119249/ff595d4Capture%2B_2017-09-16-14-08-14.png,,13862,[Capture+_2017-09-16-14-09-07.png] https://www.jotform.com/widget-uploads/imagePreview/72524315119249/df2e60dCapture%2B_2017-09-16-14-09-07.png,,1604,[Capture+_2017-09-16-14-09-46.png] https://www.jotform.com/widget-uploads/imagePreview/72524315119249/fccb659Capture%2B_2017-09-16-14-09-46.png,,184.151.246.29,3813946149268530130,Edit Submission
2017-09-16 14:10:43,MiniDreighton,18,Mystic,16110,[Screenshot_2017-09-16-14-08-35.png] https://www.jotform.com/widget-uploads/imagePreview/72524315119249/22c0489Screenshot_2017-09-16-14-08-35.png,,376,[Screenshot_2017-09-16-14-08-51.png] https://www.jotform.com/widget-uploads/imagePreview/72524315119249/21dc1e5Screenshot_2017-09-16-14-08-51.png,,27.2,[Screenshot_2017-09-16-14-08-57.png] https://www.jotform.com/widget-uploads/imagePreview/72524315119249/21db219Screenshot_2017-09-16-14-08-57.png,,24.114.105.52,3813946432555253318,Edit Submission
2017-09-16 14:10:45,Likejagger5,34,Valor,913688,[Capture+_2017-09-16-14-09-07.png] https://www.jotform.com/widget-uploads/imagePreview/72524315119249/fc82c92Capture%2B_2017-09-16-14-09-07.png,,12885,[Capture+_2017-09-16-14-09-20.png] https://www.jotform.com/widget-uploads/imagePreview/72524315119249/0dcf8e7Capture%2B_2017-09-16-14-09-20.png,,1534.1,[Capture+_2017-09-16-14-09-33.png] https://www.jotform.com/widget-uploads/imagePreview/72524315119249/20ba4e1Capture%2B_2017-09-16-14-09-33.png,,184.151.246.32,3813946452362178057,Edit Submission
2017-09-16 14:10:45,Starletta,34,Mystic,30187,[Pokémon GO_2017-09-16-14-09-08.png] https://www.jotform.com/widget-uploads/imagePreview/72524315119249/248aeaaPok%C3%A9mon%20GO_2017-09-16-14-09-08.png,,9670,[Pokémon GO_2017-09-16-14-09-15.png] https://www.jotform.com/widget-uploads/imagePreview/72524315119249/2470f32Pok%C3%A9mon%20GO_2017-09-16-14-09-15.png,,806.2,[Pokémon GO_2017-09-16-14-09-20.png] https://www.jotform.com/widget-uploads/imagePreview/72524315119249/2438e7bPok%C3%A9mon%20GO_2017-09-16-14-09-20.png,,184.151.246.195,3813946455913570779,Edit Submission
2017-09-16 14:11:43,Stephalofigus,36,Mystic,8605661,[IMG_4631.PNG] https://www.jotform.com/widget-uploads/imagePreview/72524315119249/a56f267IMG_4631.PNG,,20043,[IMG_4632.PNG] https://www.jotform.com/widget-uploads/imagePreview/72524315119249/a5344d5IMG_4632.PNG,,1482.9,[IMG_4633.PNG] https://www.jotform.com/widget-uploads/imagePreview/72524315119249/a51b3ffIMG_4633.PNG,,24.114.83.101,3813947031012414264,Edit Submission
2017-09-16 14:11:58,Newfinator,25,Mystic,809922,[Screenshot_20170916-140929.png] https://www.jotform.com/widget-uploads/imagePreview/72524315119249/17b6bd8Screenshot_20170916-140929.png,,1563,[Screenshot_20170916-141040.png] https://www.jotform.com/widget-uploads/imagePreview/72524315119249/6d22769Screenshot_20170916-141040.png,,185,[Screenshot_20170916-141118.png] https://www.jotform.com/widget-uploads/imagePreview/72524315119249/6d4feedScreenshot_20170916-141118.png,,199.7.157.77,3813947187775483834,Edit Submission
2017-09-16 14:12:59,Mittenzcat,26,Mystic,6021,[Screenshot_20170916-141116.png] https://www.jotform.com/widget-uploads/imagePreview/72524315119249/a9e544bScreenshot_20170916-141116.png,,1272,[Screenshot_20170916-141128.png] https://www.jotform.com/widget-uploads/imagePreview/72524315119249/a90d654Screenshot_20170916-141128.png,,75.6,[Screenshot_20170916-141148.png] https://www.jotform.com/widget-uploads/imagePreview/72524315119249/a8e4bf3Screenshot_20170916-141148.png,,184.151.246.128,3813947798211366850,Edit Submission
2017-09-16 14:13:00,Stephalofigus,36,Mystic,1154457,,,20221,,,1485.9,,,142.169.78.186,3813947806815246473,Edit Submission
2017-09-16 14:13:55,GarethMzi,35,Valor,6121014,[IMG_2110.PNG] https://www.jotform.com/widget-uploads/imagePreview/72524315119249/e29f38cIMG_2110.PNG,,12063,[IMG_2111.PNG] https://www.jotform.com/widget-uploads/imagePreview/72524315119249/e2acfdaIMG_2111.PNG,,3332.6,[IMG_2112.PNG] https://www.jotform.com/widget-uploads/imagePreview/72524315119249/e2a5b5eIMG_2112.PNG,,184.151.246.52,3813948352566747466,Edit Submission